ID,Name,Gene Name,GenBank Protein ID,GenBank Gene ID,UniProt ID,Uniprot Title,PDB ID,GeneCard ID,GenAtlas ID,HGNC ID,Species,Drug IDs
16,Coagulation factor VIII,F8,182818,M14113,P00451,FA8_HUMAN,1CFG; 1D7P; 1FAC; 1IQD; 2R7E; 3CDZ; 3HNB; 3HNY; 3HOB; 3J2Q; 3J2S; 4BDV; 4KI5; 4PT6,,F8,HGNC:3546,Humans,DB09130
41,Coagulation factor V,F5,182412,M16967,P12259,FA5_HUMAN,1CZS; 1CZT; 1CZV; 1FV4; 1Y61; 3P6Z; 3P70; 3S9C,,F5,HGNC:3542,Humans,DB09130
85,Ferritin light chain,FTL,182514,M11147,P02792,FRIL_HUMAN,2FFX; 2FG4; 2FG8; 3KXU; 4V6B,,FTL,HGNC:3999,Humans,DB06784
130,Hemoglobin subunit alpha,HBA1,386764,J00153,P69905,HBA_HUMAN,1A00; 1A01; 1A0U; 1A0Z; 1A3N; 1A3O; 1A9W; 1ABW; 1ABY; 1AJ9; 1B86; 1BAB; 1BBB; 1BIJ; 1BUW; 1BZ0; 1BZ1; 1BZZ; 1C7B; 1C7C; 1C7D; 1CLS; 1CMY; 1COH; 1DKE; 1DXT; 1DXU; 1DXV; 1FDH; 1FN3; 1G9V; 1GBU; 1GBV; 1GLI; 1GZX; 1HAB; 1HAC; 1HBA; 1HBB; 1HBS; 1HCO; 1HDB; 1HGA; 1HGB; 1HGC; 1HHO; 1IRD; 1J3Y; 1J3Z; 1J40; 1J41; 1J7S; 1J7W; 1J7Y; 1JY7; 1K0Y; 1K1K; 1KD2; 1LFL; 1LFQ; 1LFT; 1LFV; 1LFY; 1LFZ; 1LJW; 1M9P; 1MKO; 1NEJ; 1NIH; 1NQP; 1O1I; 1O1J; 1O1K; 1O1L; 1O1M; 1O1N; 1O1O; 1O1P; 1QI8; 1QSH; 1QSI; 1QXD; 1QXE; 1R1X; 1R1Y; 1RPS; 1RQ3; 1RQ4; 1RQA; 1RVW; 1SDK; 1SDL; 1SHR; 1SI4; 1THB; 1UIW; 1VWT; 1XXT; 1XY0; 1XYE; 1XZ2; 1XZ4; 1XZ5; 1XZ7; 1XZU; 1XZV; 1Y01; 1Y09; 1Y0A; 1Y0C; 1Y0D; 1Y0T; 1Y0W; 1Y22; 1Y2Z; 1Y31; 1Y35; 1Y45; 1Y46; 1Y4B; 1Y4F; 1Y4G; 1Y4P; 1Y4Q; 1Y4R; 1Y4V; 1Y5F; 1Y5J; 1Y5K; 1Y7C; 1Y7D; 1Y7G; 1Y7Z; 1Y83; 1Y85; 1Y8W; 1YDZ; 1YE0; 1YE1; 1YE2; 1YEN; 1YEO; 1YEQ; 1YEU; 1YEV; 1YFF; 1YG5; 1YGD; 1YGF; 1YH9; 1YHE; 1YHR; 1YIE; 1YIH; 1YVQ; 1YVT; 1YZI; 1Z8U; 2D5Z; 2D60; 2DN1; 2DN2; 2DN3; 2DXM; 2H35; 2HBC; 2HBD; 2HBE; 2HBF; 2HBS; 2HCO; 2HHB; 2HHD; 2HHE; 2M6Z; 2W6V; 2W72; 2YRS; 3B75; 3D17; 3D7O; 3DUT; 3HHB; 3HXN; 3IA3; 3IC0; 3IC2; 3KMF; 3NL7; 3NMM; 3ODQ; 3ONZ; 3OO4; 3OO5; 3OVU; 3P5Q; 3QJB; 3QJC; 3QJD; 3QJE; 3R5I; 3S48; 3S65; 3S66; 3SZK; 3WCP; 3WHM; 4FC3; 4HHB; 4IJ2; 4L7Y; 4M4A; 4M4B; 4MQC; 4MQG; 4MQH; 4MQI; 4MQJ; 4MQK; 4N7N; 4N7O; 4N7P; 4N8T; 4NI0; 4NI1; 4ROL; 4ROM; 4WJG; 4X0I; 4X0L; 4XS0; 5E29; 5E6E; 5EE4; 6HBW,,HBA1,HGNC:4823,Humans,DB09140
209,Corticosteroid-binding globulin,SERPINA6,179971,J02943,P08185,CBG_HUMAN,2VDX; 2VDY; 4BB2; 4C41; 4C49,,SERPINA6,HGNC:1540,Humans,DB00180; DB00240; DB00253; DB00324; DB00394; DB00443; DB00588; DB00591; DB00596; DB00620; DB00635; DB00648; DB00663; DB00687; DB00741; DB00846; DB00860; DB00896; DB01013; DB01047; DB01222; DB01380; DB01384; DB01410; DB05688; DB08906; DB09124; DB13867; DB14538; DB14539; DB14540; DB14541; DB14542; DB14543; DB14544; DB14631; DB14669; DB15566
255,Retinol-binding protein 3,RBP3,186541,M33875,P10745,RET3_HUMAN,"",,RBP3,HGNC:9921,Humans,DB00162; DB06755
256,SEC14-like protein 2,SEC14L2,5596693,AL096881,O76054,S14L2_HUMAN,1O6U; 1OLM; 4OMJ; 4OMK,,SEC14L2,HGNC:10699,Humans,DB00163
301,Retinol-binding protein 1,RBP1,190948,M11433,P09455,RET1_HUMAN,"",,RBP1,HGNC:9919,Humans,DB00162; DB06755
314,Retinol-binding protein 4,RBP4,35897,X00129,P02753,RET4_HUMAN,1BRP; 1BRQ; 1JYD; 1JYJ; 1QAB; 1RBP; 1RLB; 2WQ9; 2WQA; 2WR6; 3BSZ; 3FMZ; 4O9S; 4PSQ,,RBP4,HGNC:9922,Humans,DB00162; DB03917; DB05076; DB06755; DB06985
337,Transthyretin,TTR,189582,K02091,P02766,TTHY_HUMAN,1BM7; 1BMZ; 1BZ8; 1BZD; 1BZE; 1DVQ; 1DVS; 1DVT; 1DVU; 1DVX; 1DVY; 1DVZ; 1E3F; 1E4H; 1E5A; 1ETA; 1ETB; 1F41; 1F64; 1F86; 1FH2; 1FHN; 1G1O; 1GKO; 1ICT; 1III; 1IIK; 1IJN; 1QAB; 1QWH; 1RLB; 1SOK; 1SOQ; 1THA; 1THC; 1TLM; 1TSH; 1TT6; 1TTA; 1TTB; 1TTC; 1TTR; 1TYR; 1TZ8; 1U21; 1X7S; 1X7T; 1Y1D; 1Z7J; 1ZCR; 1ZD6; 2B14; 2B15; 2B16; 2B77; 2B9A; 2F7I; 2F8I; 2FBR; 2FLM; 2G3X; 2G3Z; 2G4E; 2G4G; 2G5U; 2G9K; 2GAB; 2H4E; 2M5N; 2NOY; 2PAB; 2QEL; 2QGB; 2QGC; 2QGD; 2QGE; 2ROX; 2ROY; 2TRH; 2TRY; 2WQA; 3A4D; 3A4E; 3A4F; 3B56; 3BSZ; 3BT0; 3CBR; 3CFM; 3CFN; 3CFQ; 3CFT; 3CN0; 3CN1; 3CN2; 3CN3; 3CN4; 3CXF; 3D2T; 3D7P; 3DGD; 3DID; 3DJR; 3DJS; 3DJT; 3DJZ; 3DK0; 3DK2; 3DO4; 3ESN; 3ESO; 3ESP; 3FC8; 3FCB; 3GLZ; 3GPS; 3GRB; 3GRG; 3GS0; 3GS4; 3GS7; 3HJ0; 3I9A; 3I9I; 3I9P; 3IMR; 3IMS; 3IMT; 3IMU; 3IMV; 3IMW; 3IPB; 3IPE; 3KGS; 3KGT; 3KGU; 3M1O; 3NEE; 3NEO; 3NES; 3NEX; 3NG5; 3OZK; 3OZL; 3P3R; 3P3S; 3P3T; 3P3U; 3SSG; 3TCT; 3TFB; 3U2I; 3U2J; 3W3B; 4ABQ; 4ABU; 4ABV; 4ABW; 4AC2; 4AC4; 4ACT; 4ANK; 4DER; 4DES; 4DET; 4DEU; 4DEW; 4FI6; 4FI7; 4FI8; 4HIQ; 4HIS; 4HJS; 4HJT; 4HJU; 4I85; 4I87; 4I89; 4IIZ; 4IK6; 4IK7; 4IKI; 4IKJ; 4IKK; 4IKL; 4KY2; 4L1S; 4L1T; 4MAS; 4MRB; 4MRC; 4N85; 4N86; 4N87; 4PM1; 4PME; 4PMF; 4PVL; 4PVM; 4PVN; 4PWE; 4PWF; 4PWG; 4PWH; 4PWI; 4PWJ; 4PWK; 4QRF; 4QXV; 4QYA; 4TKW; 4TL4; 4TL5; 4TLK; 4TLS; 4TLT; 4TM9; 4TNE; 4TQ8; 4TQH; 4TQI; 4TQP; 4WNJ; 4WNS; 4WO0; 4Y9B; 4Y9C; 4Y9E; 4Y9F; 4Y9G; 4YDM; 4YDN; 5AKS; 5AKT; 5AKV; 5AL0; 5AL8; 5BOJ; 5CR1; 5TTR,,TTR,HGNC:12405,Humans,DB00255; DB00279; DB00451; DB00586; DB00861; DB01093; DB01583; DB01645; DB01751; DB01838; DB02179; DB02266; DB02417; DB02698; DB02709; DB03167; DB03239; DB03346; DB03682; DB04474; DB04674; DB04756; DB05235; DB05352; DB06885; DB06907; DB06935; DB07047; DB07176; DB07201; DB07240; DB07282; DB07693; DB07694; DB07695; DB07753; DB07775; DB07962; DB07963; DB08100; DB08101; DB08102; DB08103; DB08104; DB08205; DB08206; DB08207; DB09100
339,SEC14-like protein 3,SEC14L3,27803382,AY158086,Q9UDX4,S14L3_HUMAN,4UYB,,SEC14L3,HGNC:18655,Humans,DB00163
362,Transcobalamin-2,TCN2,339196,M60396,P20062,TCO2_HUMAN,2BB5,,TCN2,HGNC:11653,Humans,DB00200
399,Ferritin heavy chain,FTH1,28435,X00318,P02794,FRIH_HUMAN,1FHA; 2CEI; 2CHI; 2CIH; 2CLU; 2CN6; 2CN7; 2FHA; 2IU2; 2Z6M; 3AJO; 3AJP; 3AJQ; 3ERZ; 3ES3; 4DYX; 4DYY; 4DYZ; 4DZ0; 4OYN; 4Y08; 4YKH; 4ZJK; 5CMQ; 5CMR,,FTH1,HGNC:3976,Humans,DB06784
438,Aldo-keto reductase family 1 member C4,AKR1C4,4261710,S68287,P17516,AK1C4_HUMAN,2FVL,,AKR1C4,HGNC:387,Humans,DB13751
499,Low-density lipoprotein receptor,LDLR,307121,L00352,P01130,LDLR_HUMAN,1AJJ; 1D2J; 1F5Y; 1F8Z; 1HJ7; 1HZ8; 1I0U; 1IJQ; 1LDL; 1LDR; 1LRX; 1N7D; 1XFE; 2FCW; 2KRI; 2LGP; 2M7P; 2MG9; 2W2M; 2W2N; 2W2O; 2W2P; 2W2Q; 3BPS; 3GCW; 3GCX; 3M0C; 3P5B; 3P5C; 3SO6; 4NE9,,LDLR,HGNC:6547,Humans,DB00080; DB09270; DB11251; DB14003
505,Retinol-binding protein 2,RBP2,535390,U13831,P50120,RET2_HUMAN,2RCQ; 2RCT; 4EDE; 4EEJ; 4EFG; 4EXZ; 4GKC; 4QYN; 4QYP; 4QZT; 4QZU; 4RUU,,RBP2,HGNC:9920,Humans,DB00162; DB06755
508,Cellular retinoic acid-binding protein 1,CRABP1,241542,S74445,P29762,RABP1_HUMAN,"",,CRABP1,HGNC:2338,Humans,DB00523; DB00926; DB04942
510,Serotransferrin,TF,339453,M12530,P02787,TRFE_HUMAN,1A8E; 1A8F; 1B3E; 1BP5; 1BTJ; 1D3K; 1D4N; 1DTG; 1FQE; 1FQF; 1JQF; 1N7W; 1N7X; 1N84; 1OQG; 1OQH; 1RYO; 1SUV; 2HAU; 2HAV; 2O7U; 2O84; 3FGS; 3QYT; 3S9L; 3S9M; 3S9N; 3SKP; 3V83; 3V89; 3V8X; 3VE1; 4H0W; 4X1B; 4X1D,,TF,HGNC:11740,Humans,DB00893; DB01294; DB05260; DB06215; DB06784; DB11136; DB11182; DB13949; DB14520; DB14526; DB14527; DB14528; DB14529; DB14530
530,Serum albumin,ALB,28590,V00494,P02768,ALBU_HUMAN,1AO6; 1BJ5; 1BKE; 1BM0; 1E78; 1E7A; 1E7B; 1E7C; 1E7E; 1E7F; 1E7G; 1E7H; 1E7I; 1GNI; 1GNJ; 1H9Z; 1HA2; 1HK1; 1HK2; 1HK3; 1HK4; 1HK5; 1N5U; 1O9X; 1TF0; 1UOR; 1YSX; 2BX8; 2BXA; 2BXB; 2BXC; 2BXD; 2BXE; 2BXF; 2BXG; 2BXH; 2BXI; 2BXK; 2BXL; 2BXM; 2BXN; 2BXO; 2BXP; 2BXQ; 2ESG; 2I2Z; 2I30; 2N0X; 2VDB; 2VUE; 2VUF; 2XSI; 2XVQ; 2XVU; 2XVV; 2XVW; 2XW0; 2XW1; 2YDF; 3A73; 3B9L; 3B9M; 3CX9; 3JQZ; 3JRY; 3LU6; 3LU7; 3LU8; 3SQJ; 3TDL; 3UIV; 4BKE; 4E99; 4EMX; 4G03; 4G04; 4HGK; 4HGM; 4IW1; 4IW2; 4K2C; 4K71; 4L8U; 4L9K; 4L9Q; 4LA0; 4LB2; 4LB9; 4N0F; 4N0U; 4S1Y,,ALB,HGNC:399,Humans,DB00070; DB00080; DB00083; DB00104; DB00126; DB00137; DB00152; DB00159; DB00162; DB00165; DB00214; DB00220; DB00227; DB00228; DB00237; DB00238; DB00245; DB00246; DB00252; DB00254; DB00264; DB00266; DB00273; DB00274; DB00278; DB00279; DB00286; DB00289; DB00294; DB00295; DB00303; DB00304; DB00310; DB00313; DB00316; DB00317; DB00321; DB00327; DB00328; DB00332; DB00333; DB00334; DB00335; DB00342; DB00343; DB00346; DB00366; DB00376; DB00391; DB00404; DB00412; DB00414; DB00415; DB00421; DB00427; DB00430; DB00432; DB00434; DB00438; DB00443; DB00451; DB00454; DB00456; DB00458; DB00459; DB00461; DB00472; DB00476; DB00477; DB00481; DB00485; DB00490; DB00495; DB00497; DB00500; DB00501; DB00503; DB00512; DB00515; DB00530; DB00537; DB00540; DB00544; DB00554; DB00555; DB00557; DB00563; DB00567; DB00568; DB00571; DB00573; DB00575; DB00576; DB00584; DB00586; DB00595; DB00598; DB00601; DB00603; DB00605; DB00607; DB00608; DB00619; DB00620; DB00624; DB00625; DB00635; DB00640; DB00642; DB00649; DB00655; DB00661; DB00675; DB00677; DB00678; DB00682; DB00687; DB00695; DB00709; DB00712; DB00714; DB00717; DB00731; DB00734; DB00737; DB00743; DB00744; DB00749; DB00753; DB00755; DB00758; DB00759; DB00762; DB00768; DB00774; DB00776; DB00783; DB00784; DB00787; DB00788; DB00792; DB00795; DB00802; DB00808; DB00813; DB00814; DB00815; DB00818; DB00829; DB00842; DB00845; DB00847; DB00850; DB00852; DB00853; DB00857; DB00860; DB00861; DB00864; DB00870; DB00877; DB00878; DB00879; DB00881; DB00900; DB00903; DB00908; DB00912; DB00924; DB00931; DB00936; DB00938; DB00943; DB00946; DB00950; DB00951; DB00957; DB00959; DB00968; DB00977; DB00982; DB00983; DB00986; DB00993; DB00995; DB00997; DB00999; DB01006; DB01009; DB01013; DB01015; DB01016; DB01024; DB01026; DB01029; DB01032; DB01039; DB01044; DB01045; DB01050; DB01053; DB01056; DB01057; DB01060; DB01062; DB01064; DB01067; DB01068; DB01069; DB01072; DB01076; DB01083; DB01086; DB01098; DB01104; DB01110; DB01115; DB01118; DB01120; DB01124; DB01126; DB01132; DB01133; DB01136; DB01137; DB01142; DB01147; DB01159; DB01169; DB01173; DB01176; DB01183; DB01189; DB01195; DB01197; DB01212; DB01222; DB01232; DB01234; DB01235; DB01236; DB01238; DB01241; DB01242; DB01264; DB01275; DB01276; DB01294; DB01307; DB01320; DB01324; DB01327; DB01328; DB01329; DB01330; DB01364; DB01370; DB01380; DB01394; DB01396; DB01397; DB01418; DB01420; DB01581; DB01582; DB01583; DB01587; DB01601; DB01611; DB01614; DB01619; DB01621; DB01622; DB01623; DB01685; DB01914; DB02709; DB03017; DB03193; DB03585; DB03600; DB03796; DB04216; DB04224; DB04539; DB04557; DB04574; DB04690; DB04711; DB04816; DB04828; DB04847; DB04854; DB04855; DB04861; DB04911; DB04951; DB05134; DB05294; DB05382; DB05521; DB05812; DB06119; DB06150; DB06151; DB06201; DB06209; DB06216; DB06234; DB06237; DB06282; DB06290; DB06412; DB06480; DB06655; DB06695; DB06705; DB06710; DB06716; DB06796; DB06813; DB07402; DB07517; DB07565; DB07992; DB08231; DB08496; DB08735; DB08736; DB08814; DB08816; DB08820; DB08822; DB08828; DB08860; DB08864; DB08865; DB08867; DB08877; DB08881; DB08893; DB08895; DB08899; DB08912; DB08930; DB08931; DB08932; DB08936; DB08995; DB09053; DB09069; DB09070; DB09073; DB09074; DB09079; DB09087; DB09093; DB09100; DB09124; DB09130; DB09139; DB09195; DB09204; DB09213; DB09223; DB09229; DB09236; DB09237; DB09241; DB09262; DB09274; DB09280; DB09299; DB09333; DB09347; DB09348; DB09383; DB09418; DB09526; DB09564; DB11093; DB11130; DB11134; DB11148; DB11182; DB11217; DB11348; DB11397; DB11575; DB11590; DB11637; DB11641; DB11642; DB11677; DB11689; DB11703; DB11739; DB11751; DB11753; DB11757; DB11793; DB11796; DB11800; DB11820; DB11827; DB11828; DB11853; DB11855; DB11943; DB11963; DB11978; DB12001; DB12141; DB12235; DB12243; DB12404; DB12455; DB12466; DB12471; DB12483; DB12674; DB12836; DB12941; DB12978; DB13014; DB13310; DB13421; DB13514; DB13751; DB13909; DB13928; DB13943; DB13944; DB13946; DB13952; DB13953; DB13954; DB13955; DB13956; DB13959; DB14126; DB14185; DB14481; DB14513; DB14517; DB14518; DB14533; DB14548; DB14582; DB14631; DB14649; DB14669; DB14840; DB14879; DB14973; DB14999; DB15093; DB15133; DB15149; DB15171; DB15248; DB15305; DB15444; DB15456; DB15534; DB15566; DB15575; DB15690; DB15935; DB16165; DB16699; DB16703; DB17083
532,Retinoid-binding protein 7,RBP7,24559768,AY145438,Q96R05,RET7_HUMAN,1LPJ,,RBP7,HGNC:30316,Humans,DB00162
537,Thyroxine-binding globulin,SERPINA7,338697,M14091,P05543,THBG_HUMAN,2CEO; 2RIV; 2RIW; 2XN3; 2XN5; 2XN6; 2XN7,,SERPINA7,HGNC:11583,Humans,DB00023; DB00059; DB00252; DB00279; DB00286; DB00322; DB00451; DB00532; DB00544; DB00627; DB00636; DB00648; DB00675; DB00695; DB00754; DB00939; DB01109; DB01219; DB01320; DB01452; DB01583; DB01629; DB05235; DB08984; DB09100; DB09256; DB09317; DB09318; DB09381; DB11100; DB12425; DB13396
592,Aldo-keto reductase family 1 member C3,AKR1C3,4261711,S68288,P42330,AK1C3_HUMAN,1RY0; 1RY8; 1S1P; 1S1R; 1S2A; 1S2C; 1XF0; 1ZQ5; 2F38; 2FGB; 3R43; 3R58; 3R6I; 3R7M; 3R8G; 3R8H; 3R94; 3UFY; 3UG8; 3UGR; 3UWE; 4DBS; 4DBU; 4DBW; 4DZ5; 4FA3; 4FAL; 4FAM; 4H7C; 4HMN; 4WDT; 4WDU; 4WDW; 4WDX; 4WRH; 4XVD; 4XVE,,AKR1C3,HGNC:386,Humans,DB13751
622,Aldo-keto reductase family 1 member C2,AKR1C2,531160,U05598,P52895,AK1C2_HUMAN,1IHI; 1J96; 1XJB; 2HDJ; 2IPJ; 4JQ1; 4JQ2; 4JQ3; 4JQ4; 4JQA; 4JTQ; 4JTR; 4L1W; 4L1X,,AKR1C2,HGNC:385,Humans,DB13751
629,Hemoglobin subunit beta,HBB,455997,U01317,P68871,HBB_HUMAN,1A00; 1A01; 1A0U; 1A0Z; 1A3N; 1A3O; 1ABW; 1ABY; 1AJ9; 1B86; 1BAB; 1BBB; 1BIJ; 1BUW; 1BZ0; 1BZ1; 1BZZ; 1C7B; 1C7C; 1C7D; 1CBL; 1CBM; 1CH4; 1CLS; 1CMY; 1COH; 1DKE; 1DXT; 1DXU; 1DXV; 1FN3; 1G9V; 1GBU; 1GBV; 1GLI; 1GZX; 1HAB; 1HAC; 1HBA; 1HBB; 1HBS; 1HCO; 1HDB; 1HGA; 1HGB; 1HGC; 1HHO; 1IRD; 1J3Y; 1J3Z; 1J40; 1J41; 1J7S; 1J7W; 1J7Y; 1JY7; 1K0Y; 1K1K; 1KD2; 1LFL; 1LFQ; 1LFT; 1LFV; 1LFY; 1LFZ; 1LJW; 1M9P; 1MKO; 1NEJ; 1NIH; 1NQP; 1O1I; 1O1J; 1O1K; 1O1L; 1O1M; 1O1N; 1O1O; 1O1P; 1QI8; 1QSH; 1QSI; 1QXD; 1QXE; 1R1X; 1R1Y; 1RPS; 1RQ3; 1RQ4; 1RQA; 1RVW; 1SDK; 1SDL; 1THB; 1UIW; 1VWT; 1XXT; 1XY0; 1XYE; 1XZ2; 1XZ4; 1XZ5; 1XZ7; 1XZU; 1XZV; 1Y09; 1Y0A; 1Y0C; 1Y0D; 1Y0T; 1Y0W; 1Y22; 1Y2Z; 1Y31; 1Y35; 1Y45; 1Y46; 1Y4B; 1Y4F; 1Y4G; 1Y4P; 1Y4Q; 1Y4R; 1Y4V; 1Y5F; 1Y5J; 1Y5K; 1Y7C; 1Y7D; 1Y7G; 1Y7Z; 1Y83; 1Y85; 1Y8W; 1YDZ; 1YE0; 1YE1; 1YE2; 1YEN; 1YEO; 1YEQ; 1YEU; 1YEV; 1YFF; 1YG5; 1YGD; 1YGF; 1YH9; 1YHE; 1YHR; 1YIE; 1YIH; 1YVQ; 1YVT; 1YZI; 2D5Z; 2D60; 2DN1; 2DN2; 2DN3; 2DXM; 2H35; 2HBC; 2HBD; 2HBE; 2HBF; 2HBS; 2HCO; 2HHB; 2HHD; 2HHE; 2M6Z; 2W6V; 2W72; 2YRS; 3B75; 3D17; 3D7O; 3DUT; 3HHB; 3HXN; 3IC0; 3IC2; 3KMF; 3NL7; 3NMM; 3ODQ; 3ONZ; 3OO4; 3OO5; 3P5Q; 3QJB; 3QJC; 3QJD; 3QJE; 3R5I; 3S65; 3S66; 3SZK; 3W4U; 3WCP; 3WHM; 4FC3; 4HHB; 4IJ2; 4L7Y; 4M4A; 4M4B; 4MQC; 4MQG; 4MQH; 4MQI; 4N7N; 4N7O; 4N7P; 4N8T; 4NI0; 4NI1; 4ROL; 4ROM; 4WJG; 4X0I; 4X0L; 4XS0; 5E29; 5E6E; 5EE4; 6HBW,,HBB,HGNC:4827,Humans,DB09140
643,Alpha-tocopherol transfer protein,TTPA,699601,D49488,P49638,TTPA_HUMAN,1OIP; 1OIZ; 1R5L,,TTPA,HGNC:12404,Humans,DB00163; DB02080; DB14001; DB14002
682,Retinol-binding protein 5,RBP5,13447447,AY007436,P82980,RET5_HUMAN,1GGL,,RBP5,HGNC:15847,Humans,DB00162; DB06755
685,Sex hormone-binding globulin,SHBG,296673,X16349,P04278,SHBG_HUMAN,1D2S; 1F5F; 1KDK; 1KDM; 1LHN; 1LHO; 1LHU; 1LHV; 1LHW,,SHBG,HGNC:10839,Humans,DB00080; DB00286; DB00294; DB00304; DB00624; DB00648; DB00717; DB00741; DB00783; DB00858; DB00957; DB00977; DB01026; DB01185; DB01406; DB01420; DB02342; DB02901; DB03882; DB03926; DB04574; DB06412; DB06710; DB08804; DB09124; DB13943; DB13944; DB13946; DB13951; DB13952; DB13953; DB13954; DB13955; DB13956; DB14538; DB14539; DB14540; DB14541; DB14542; DB14543; DB14544; DB15690
710,High affinity immunoglobulin gamma Fc receptor I,FCGR1A,31332,X14356,P12314,FCGR1_HUMAN,3RJD; 4W4O; 4X4M; 4ZNE,,FCGR1A,HGNC:3613,Humans,DB00289
751,Oxytocin-neurophysin 1,OXT,189411,M25650,P01178,NEU1_HUMAN,"",,OXT,HGNC:8528,Humans,DB00107
782,Cellular retinoic acid-binding protein 2,CRABP2,181026,M68867,P29373,RABP2_HUMAN,1BLR; 1BM5; 1CBQ; 1CBS; 1XCA; 2CBS; 2FR3; 2FRS; 2FS6; 2FS7; 2G78; 2G79; 2G7B; 3CBS; 3CR6; 3CWK; 3D95; 3D96; 3D97; 3F8A; 3F9D; 3FA6; 3FA7; 3FA8; 3FA9; 3FEK; 3FEL; 3FEN; 3FEP; 3I17; 4I9R; 4I9S; 4M6S; 4M7M; 4QGV; 4QGW; 4QGX,,CRABP2,HGNC:2339,Humans,DB00523; DB08127; DB08455; DB08467
786,Retinaldehyde-binding protein 1,RLBP1,190854,J04213,P12271,RLBP1_HUMAN,1XGG; 1XGH; 3HX3; 3HY5; 4CIZ; 4CJ6,,RLBP1,HGNC:10024,Humans,DB00162
910,Alpha-2-macroglobulin,A2M,177870,M11313,P01023,A2MG_HUMAN,1BV8; 2P9R; 4ACQ,,A2M,HGNC:7,Humans,DB06796; DB09130
925,Alpha-1-acid glycoprotein 1,ORM1,757907,X02544,P02763,A1AG1_HUMAN,3KQ0,,ORM1,HGNC:8498,Humans,DB00080; DB00220; DB00243; DB00246; DB00280; DB00296; DB00317; DB00321; DB00333; DB00334; DB00343; DB00346; DB00454; DB00457; DB00458; DB00472; DB00481; DB00490; DB00503; DB00530; DB00540; DB00543; DB00571; DB00572; DB00619; DB00661; DB00682; DB00706; DB00731; DB00734; DB00802; DB00853; DB00864; DB00877; DB00908; DB00934; DB00946; DB01062; DB01126; DB01142; DB01151; DB01156; DB01190; DB01232; DB01233; DB01264; DB01359; DB01418; DB01426; DB01429; DB01601; DB01627; DB01685; DB04821; DB05239; DB05294; DB05521; DB05812; DB06234; DB06237; DB08820; DB08828; DB08860; DB08867; DB08881; DB08893; DB08907; DB08931; DB09074; DB09204; DB09229; DB09236; DB11148; DB11575; DB11637; DB11642; DB11739; DB11853; DB12235; DB12674; DB12978; DB15133; DB15149; DB16703
935,Phosphatidylcholine transfer protein,PCTP,6049276,AF151638,Q9UKL6,PPCT_HUMAN,1LN1; 1LN2; 1LN3,,PCTP,HGNC:8752,Humans,DB09568
952,Alpha-1-antitrypsin,SERPINA1,177829,K01396,P01009,A1AT_HUMAN,1ATU; 1D5S; 1EZX; 1HP7; 1IZ2; 1KCT; 1OO8; 1OPH; 1PSI; 1QLP; 1QMB; 2D26; 2QUG; 3CWL; 3CWM; 3DRM; 3DRU; 3NDD; 3NDF; 3NE4; 3T1P; 4PYW; 7API; 8API; 9API,,SERPINA1,HGNC:8941,Humans,DB00080; DB14007
970,Insulin-like growth factor-binding protein 3,IGFBP3,183116,M31159,P17936,IBP3_HUMAN,"",,IGFBP3,HGNC:5472,Humans,DB01277
994,Lactotransferrin,LTF,34416,X53961,P02788,TRFL_HUMAN,1B0L; 1BKA; 1CB6; 1DSN; 1EH3; 1FCK; 1H43; 1H44; 1H45; 1HSE; 1L5T; 1LCF; 1LCT; 1LFG; 1LFH; 1LFI; 1LGB; 1N76; 1SQY; 1U62; 1VFD; 1VFE; 1XV4; 1XV7; 1Z6V; 1Z6W; 2BJJ; 2DP4; 2GMC; 2GMD; 2HD4; 2PMS,,LTF,HGNC:6720,Humans,DB06784; DB11182
1004,Solute carrier organic anion transporter family member 1B1,SLCO1B1,5051630,AF060500,Q9Y6L6,SO1B1_HUMAN,"",,SLCO1B1,HGNC:10959,Humans,DB00588; DB08906; DB13867
1032,Multidrug resistance protein 1,ABCB1,307180,M14758,P08183,MDR1_HUMAN,"",,ABCB1,HGNC:40,Humans,DB08906; DB09160; DB13867
1043,von Willebrand factor,VWF,37947,X04385,P04275,VWF_HUMAN,1AO3; 1ATZ; 1AUQ; 1FE8; 1FNS; 1IJB; 1IJK; 1M10; 1OAK; 1SQ0; 1U0N; 1UEX; 2ADF; 2MHP; 2MHQ; 3GXB; 3HXO; 3HXQ; 3PPV; 3PPW; 3PPX; 3PPY; 3ZQK; 4C29; 4C2A; 4C2B; 4DMU; 4NT5,,VWF,HGNC:12726,Humans,DB09329
1057,"Solute carrier family 2, facilitated glucose transporter member 1",SLC2A1,183303,K03195,P11166,GTR1_HUMAN,1SUK; 4PYP,,SLC2A1,HGNC:11005,Humans,DB00292
1067,ATP-binding cassette sub-family G member 2,ABCG2,4185796,AF103796,Q9UNQ0,ABCG2_HUMAN,"",,ABCG2,HGNC:74,Humans,DB12095
1140,Ceruloplasmin,CP,180256,M13699,P00450,CERU_HUMAN,1KCW; 2J5W; 4EJX; 4ENZ,,CP,HGNC:2295,Humans,DB09130; DB11134
1141,Vitamin D-binding protein,GC,639896,L10641,P02774,VTDB_HUMAN,1J78; 1J7E; 1KW2; 1KXP; 1LOT; 1MA9,,GC,HGNC:4187,Humans,DB00136; DB00153; DB00169; DB01436; DB04224
1155,Integrin beta-3,ITGB3,306786,J02703,P05106,ITB3_HUMAN,1JV2; 1KUP; 1KUZ; 1L5G; 1M1X; 1M8O; 1MIZ; 1MK7; 1MK9; 1RN0; 1S4X; 1TYE; 1U8C; 2INI; 2K9J; 2KNC; 2KV9; 2L1C; 2L91; 2LJD; 2LJE; 2LJF; 2MTP; 2Q6W; 2RMZ; 2RN0; 2VC2; 2VDK; 2VDL; 2VDM; 2VDN; 2VDO; 2VDP; 2VDQ; 2VDR; 3FCS; 3FCU; 3IJE; 3NID; 3NIF; 3NIG; 3T3M; 3T3P; 3ZDX; 3ZDY; 3ZDZ; 3ZE0; 3ZE1; 3ZE2; 4CAK; 4G1E; 4G1M; 4MMX; 4MMY; 4MMZ; 4O02,,ITGB3,HGNC:6156,Humans,DB13949; DB14520
1179,Phosphatidylethanolamine-binding protein 1,PEBP1,435638,D16111,P30086,PEBP1_HUMAN,1BD9; 1BEH; 2L7W; 2QYQ,,PEBP1,HGNC:8630,Humans,DB09568
1194,"Fatty acid-binding protein, adipocyte",FABP4,178347,J02874,P15090,FABP4_HUMAN,1TOU; 1TOW; 2HNX; 2NNQ; 3FR2; 3FR4; 3FR5; 3P6C; 3P6D; 3P6E; 3P6F; 3P6G; 3P6H; 3Q6L; 3RZY; 4NNS; 4NNT,,FABP4,HGNC:3559,Humans,DB02153; DB02776; DB03009; DB03766; DB03796; DB03851; DB04224; DB04437; DB04474; DB04557; DB07283; DB07945; DB08607
1201,"Fatty acid-binding protein, heart",FABP3,31293,X56549,P05413,FABPH_HUMAN,1G5W; 1HMR; 1HMS; 1HMT; 2HMB; 3RSW; 3WBG; 3WVM; 3WXQ; 4TJZ; 4TKB; 4TKH; 4TKJ; 4WBK,,FABP3,HGNC:3557,Humans,DB03193; DB03796; DB04224
1821,"Fatty acid-binding protein, brain",FABP7,2632065,AJ002962,O15540,FABP7_HUMAN,1FDQ; 1FE3; 1JJX,,FABP7,HGNC:3562,Humans,DB00132; DB00154; DB04224
1984,"Fatty acid-binding protein, epidermal",FABP5,182354,M94856,Q01469,FABP5_HUMAN,1B56; 1JJJ; 4AZM; 4AZR; 4LKP; 4LKT,,FABP5,HGNC:3560,Humans,DB03796
2109,Calreticulin,CALR,337487,M32294,P27797,CALR_HUMAN,2CLR; 3DOW; 3POS; 3POW,,CALR,HGNC:1455,Humans,DB13949; DB14520
2833,Copper transport protein ATOX1,ATOX1,"",U70660,O00244,ATOX1_HUMAN,1FE0; 1FE4; 1FEE; 1TL4; 1TL5; 2K1R; 2LQ9; 3CJK; 3IWL; 3IWX; 4QOT; 4YDX; 4YEA,,ATOX1,HGNC:798,Humans,DB09130
3591,"Fatty acid-binding protein, intestinal",FABP2,46854681,BC069466,P12104,FABPI_HUMAN,1KZW; 1KZX; 2MJI; 2MO5; 3AKM; 3IFB,,,HGNC:3556,Humans,DB00783; DB01138; DB03796; DB04557; DB08231; DB13952; DB13953; DB13954; DB13955; DB13956
3647,Solute carrier family 22 member 2,SLC22A2,2281942,X98333,O15244,S22A2_HUMAN,"",,,HGNC:10966,Humans,DB09555
3648,Solute carrier family 22 member 1,SLC22A1,2511670,X98332,O15245,S22A1_HUMAN,"",,,HGNC:10963,Humans,DB09555
3777,Beta-2-microglobulin,B2M,27763813,AY187687,P61769,B2MG_HUMAN,1A1M; 1A1N; 1A1O; 1A6Z; 1A9B; 1A9E; 1AGB; 1AGC; 1AGD; 1AGE; 1AGF; 1AKJ; 1AO7; 1B0G; 1B0R; 1BD2; 1C16; 1CE6; 1CG9; 1DE4; 1DUY; 1DUZ; 1E27; 1E28; 1EEY; 1EEZ; 1EFX; 1EXU; 1GZP; 1GZQ; 1HHG; 1HHH; 1HHI; 1HHJ; 1HHK; 1HLA; 1HSA; 1HSB; 1I1F; 1I1Y; 1I4F; 1I7R; 1I7T; 1I7U; 1IM3; 1IM9; 1JF1; 1JGD; 1JGE; 1JHT; 1JNJ; 1K5N; 1KPR; 1KTL; 1LDS; 1LP9; 1M05; 1M6O; 1MHE; 1MI5; 1N2R; 1OF2; 1OGA; 1OGT; 1ONQ; 1P7Q; 1PY4; 1Q94; 1QEW; 1QLF; 1QQD; 1QR1; 1QRN; 1QSE; 1QSF; 1QVO; 1R3H; 1S8D; 1S9W; 1S9X; 1S9Y; 1SYS; 1SYV; 1T1W; 1T1X; 1T1Y; 1T1Z; 1T20; 1T21; 1T22; 1TMC; 1TVB; 1TVH; 1UQS; 1UR7; 1UXS; 1UXW; 1VGK; 1W0V; 1W0W; 1W72; 1X7Q; 1XH3; 1XR8; 1XR9; 1XZ0; 1YDP; 1YPZ; 1ZHK; 1ZHL; 1ZS8; 1ZSD; 1ZT4; 1ZVS; 2A83; 2AK4; 2AV1; 2AV7; 2AXF; 2AXG; 2BCK; 2BNQ; 2BNR; 2BSR; 2BSS; 2BST; 2BVO; 2BVP; 2BVQ; 2C7U; 2CII; 2CIK; 2CLR; 2D31; 2D4D; 2D4F; 2DYP; 2E8D; 2ESV; 2F53; 2F54; 2F74; 2F8O; 2FYY; 2FZ3; 2GIT; 2GJ6; 2GT9; 2GTW; 2GTZ; 2GUO; 2H26; 2H6P; 2HJK; 2HJL; 2HLA; 2HN7; 2J8U; 2JCC; 2NW3; 2NX5; 2P5E; 2P5W; 2PO6; 2PYE; 2RFX; 2UWE; 2V2W; 2V2X; 2VB5; 2VLJ; 2VLK; 2VLL; 2VLR; 2X4N; 2X4O; 2X4P; 2X4Q; 2X4R; 2X4S; 2X4T; 2X4U; 2X70; 2X89; 2XKS; 2XKU; 2XPG; 2YPK; 2YPL; 2YXF; 2Z9T; 3AM8; 3B3I; 3B6S; 3BGM; 3BH8; 3BH9; 3BHB; 3BO8; 3BP4; 3BP7; 3BVN; 3BW9; 3BWA; 3BXN; 3BZE; 3BZF; 3C9N; 3CDG; 3CII; 3CIQ; 3CZF; 3D18; 3D25; 3D2U; 3D39; 3D3V; 3DBX; 3DHJ; 3DHM; 3DTX; 3DX6; 3DX7; 3DX8; 3DXA; 3EKC; 3FFC; 3FQN; 3FQR; 3FQT; 3FQU; 3FQW; 3FQX; 3FT2; 3FT3; 3FT4; 3GIV; 3GJF; 3GSN; 3GSO; 3GSQ; 3GSR; 3GSU; 3GSV; 3GSW; 3GSX; 3H7B; 3H9H; 3H9S; 3HAE; 3HCV; 3HG1; 3HLA; 3HPJ; 3HUJ; 3I6G; 3I6K; 3I6L; 3IB4; 3IXA; 3JTS; 3KLA; 3KPL; 3KPM; 3KPN; 3KPO; 3KPP; 3KPQ; 3KPR; 3KPS; 3KWW; 3KXF; 3KYN; 3KYO; 3L3D; 3L3G; 3L3I; 3L3J; 3L3K; 3LKN; 3LKO; 3LKP; 3LKQ; 3LKR; 3LKS; 3LN4; 3LN5; 3LOW; 3LOZ; 3LV3; 3M17; 3M1B; 3MGO; 3MGT; 3MR9; 3MRB; 3MRC; 3MRD; 3MRE; 3MRF; 3MRG; 3MRH; 3MRI; 3MRJ; 3MRK; 3MRL; 3MRM; 3MRN; 3MRO; 3MRP; 3MRQ; 3MRR; 3MV7; 3MV8; 3MV9; 3MYJ; 3MYZ; 3MZT; 3NA4; 3NFN; 3O3A; 3O3B; 3O3D; 3O3E; 3O4L; 3OV6; 3OX8; 3OXR; 3OXS; 3PWJ; 3PWL; 3PWN; 3PWP; 3QDA; 3QDG; 3QDJ; 3QDM; 3QEQ; 3QFD; 3QFJ; 3QZW; 3REW; 3RL1; 3RL2; 3RWJ; 3S6C; 3SDX; 3SJV; 3SKM; 3SKO; 3SPV; 3T8X; 3TID; 3TIE; 3TLR; 3TM6; 3TO2; 3TZV; 3U0P; 3UPR; 3UTQ; 3UTS; 3UTT; 3V5D; 3V5H; 3V5K; 3VCL; 3VFM; 3VFN; 3VFO; 3VFP; 3VFR; 3VFS; 3VFT; 3VFU; 3VFV; 3VFW; 3VH8; 3VRI; 3VRJ; 3VWJ; 3VWK; 3VXM; 3VXN; 3VXO; 3VXP; 3VXR; 3VXS; 3VXU; 3W0W; 3W39; 3WL9; 3WLB; 3WUW; 3X11; 3X12; 3X13; 3X14; 4BEO; 4E0K; 4E0L; 4E5X; 4EN3; 4EUP; 4EUQ; 4F7M; 4F7P; 4F7T; 4FTV; 4FXL; 4G8G; 4G8I; 4G9D; 4G9F; 4GKN; 4GKS; 4GUP; 4HKJ; 4HWZ; 4HX1; 4I48; 4I4W; 4JFD; 4JFE; 4JFF; 4JFO; 4JFP; 4JFQ; 4JQV; 4JQX; 4JRX; 4JRY; 4K71; 4K7F; 4KDT; 4L29; 4L3C; 4L3E; 4L4T; 4L4V; 4LCW; 4LCY; 4LHU; 4LNR; 4M8V; 4MJ5; 4MJ6; 4MJI; 4MNQ; 4N0F; 4N0U; 4N8V; 4NNX; 4NNY; 4NO0; 4NO2; 4NO3; 4NO5; 4NQC; 4NQD; 4NQE; 4NQV; 4NQX; 4NT6; 4O2C; 4O2E; 4O2F; 4ONO; 4PJ5; 4PJ7; 4PJ8; 4PJ9; 4PJA; 4PJB; 4PJC; 4PJD; 4PJE; 4PJF; 4PJG; 4PJH; 4PJI; 4PJX; 4PR5; 4PRA; 4PRB; 4PRD; 4PRE; 4PRH; 4PRI; 4PRN; 4PRP; 4QOK; 4QRP; 4QRQ; 4QRR; 4QRS; 4QRT; 4QRU; 4R9H; 4RA3; 4RAH; 4RMQ; 4RMR; 4RMS; 4RMT; 4RMU; 4RMV; 4RMW; 4U1H; 4U1I; 4U1J; 4U1K; 4U1L; 4U1M; 4U1N; 4U1S; 4U6X; 4U6Y; 4UQ2; 4UQ3; 4WDI; 4WJ5; 4WO4; 4WU5; 4WU7; 4X6C; 4X6D; 4X6E; 4X6F; 4XXC; 4Z76; 4Z77; 4Z78; 5BXF; 5D2L; 5D2N; 5DEF; 5DEG,,,HGNC:914,Humans,DB11130
3998,"Fatty acid-binding protein, liver",FABP1,182358,M10617,P07148,FABPL_HUMAN,2F73; 2L67; 2L68; 2LKK; 2PY1; 3B2H; 3B2I; 3B2J; 3B2K; 3B2L; 3STK; 3STM; 3STN; 3VG2; 3VG3; 3VG4; 3VG5; 3VG6; 3VG7,,,HGNC:3555,Humans,DB02074; DB02216; DB02659; DB04224
4020,Very low-density lipoprotein receptor,VLDLR,409426,L20470,P98155,VLDLR_HUMAN,1V9U; 3DPR,,,HGNC:12698,Humans,DB06755; DB09270; DB11251; DB14003
4083,Protein S100-G,S100G,29602,X65869,P29377,S100G_HUMAN,"",,,HGNC:1436,Humans,DB11093; DB11348; DB14481
4245,Apolipoprotein M,APOM,6289103,AF118393,O95445,APOM_HUMAN,2WEW; 2WEX; 2YG2,,,HGNC:13916,Humans,DB08231
925,Alpha-1-acid glycoprotein 1,ORM1,757907,X02544,P02763,A1AG1_HUMAN,3KQ0,,ORM1,HGNC:8498,Humans,DB00278; DB00289; DB00332; DB00342; DB00404; DB00409; DB00421; DB00476; DB00497; DB00512; DB00598; DB00608; DB00748; DB00808; DB00813; DB00857; DB00907; DB00938; DB00950; DB00960; DB00986; DB01029; DB01045; DB01072; DB01086; DB01115; DB01195; DB01203; DB01591; DB01611; DB06216; DB08865; DB08930; DB08932; DB09053; DB09262; DB11641; DB11689; DB11703; DB11757; DB11828; DB12001; DB12466; DB14582; DB14840
3663,Alpha-1-acid glycoprotein 2,ORM2,16359000,BC015964,P19652,A1AG2_HUMAN,3APU; 3APV; 3APW; 3APX,,,HGNC:8499,Humans,DB00278; DB00289; DB00332; DB00342; DB00404; DB00409; DB00421; DB00476; DB00497; DB00512; DB00598; DB00608; DB00748; DB00808; DB00813; DB00857; DB00907; DB00938; DB00950; DB00960; DB00986; DB01029; DB01045; DB01072; DB01086; DB01115; DB01195; DB01203; DB01591; DB01611; DB06216; DB08865; DB08930; DB08932; DB09053; DB09262; DB11641; DB11689; DB11703; DB11757; DB11828; DB12001; DB12466; DB14582; DB14840
5862,Copper chaperone for superoxide dismutase,CCS,,,O14618,CCS_HUMAN,1DO5; 2CRL; 2RSQ,,,HGNC:1613,Humans,DB09130
8813,Cytochrome c oxidase copper chaperone,COX17,,,Q14061,COX17_HUMAN,2L0Y; 2LGQ; 2RN9; 2RNB,,,HGNC:2264,Humans,DB09130
8814,Hephaestin,HEPH,,,Q9BQS7,HEPH_HUMAN,"",,,HGNC:4866,Humans,DB09130
4925,Metal regulatory transcription factor 1,MTF1,,,Q14872,MTF1_HUMAN,,,,HGNC:7428,Humans,DB09130
8815,Metallothionein 1H-like protein 1,MT1HL1,,,P0DM35,M1BL1_HUMAN,,,,HGNC:31864,Humans,DB09130
4778,Metallothionein-1A,MT1A,,,P04731,MT1A_HUMAN,"",,,HGNC:7393,Humans,DB09130
8820,Metallothionein-1B,MT1B,,,P07438,MT1B_HUMAN,,,,HGNC:7394,Humans,DB09130
8824,Metallothionein-1E,MT1E,,,P04732,MT1E_HUMAN,,,,HGNC:7397,Humans,DB09130
8816,Metallothionein-1F,MT1F,,,P04733,MT1F_HUMAN,,,,HGNC:7398,Humans,DB09130
8821,Metallothionein-1G,MT1G,,,P13640,MT1G_HUMAN,,,,HGNC:7399,Humans,DB09130
8825,Metallothionein-1H,MT1H,,,P80294,MT1H_HUMAN,,,,HGNC:7400,Humans,DB09130
8822,Metallothionein-1L,MT1L,,,Q93083,MT1L_HUMAN,,,,HGNC:7404,Humans,DB09130
8817,Metallothionein-1M,MT1M,,,Q8N339,MT1M_HUMAN,,,,HGNC:14296,Humans,DB09130
8823,Metallothionein-1X,MT1X,,,P80297,MT1X_HUMAN,,,,HGNC:7405,Humans,DB09130
4779,Metallothionein-2,MT2A,,,P02795,MT2_HUMAN,1MHU; 2MHU,,,HGNC:7406,Humans,DB09130
5817,Metallothionein-3,MT3,,,P25713,MT3_HUMAN,2F5H; 2FJ4; 2FJ5,,,HGNC:7408,Humans,DB09130
8818,Metallothionein-4,MT4,,,P47944,MT4_HUMAN,,,,HGNC:18705,Humans,DB09130
8819,Putative metallothionein MT1DP,MT1DP,,,A1L3X4,MT1DP_HUMAN,,,,HGNC:7396,Humans,DB09130
8826,Tesmin,TESMIN,,,Q9Y4I5,MTL5_HUMAN,,,,HGNC:7446,Humans,DB09130
8827,Calbindin,CALB1,,,P05937,CALB1_HUMAN,"",,,HGNC:1434,Humans,DB11093; DB11348; DB14481
8983,Insulin-like growth factor-binding protein complex acid labile subunit,IGFALS,,,P35858,ALS_HUMAN,"",,,HGNC:5468,Humans,DB01277
9151,Histamine H1 receptor,Hrh1,,,P70174,HRH1_MOUSE,"",,,,Mouse,DB00512
9318,Alpha-fetoprotein,Afp,,,P02773,FETA_RAT,"",,,,Rat,DB11221
9526,Phospholipid transfer protein,PLTP,,,P55058,PLTP_HUMAN,,,,HGNC:9093,Humans,DB00163
9530,Insulin-like growth factor-binding protein 1,IGFBP1,,,P08833,IBP1_HUMAN,1ZT3; 1ZT5; 2DSQ,,,HGNC:5469,Humans,DB01277
9533,Insulin-like growth factor-binding protein 2,IGFBP2,,,P18065,IBP2_HUMAN,2H7T,,,HGNC:5471,Humans,DB01277
9536,Insulin-like growth factor-binding protein 4,IGFBP4,,,P22692,IBP4_HUMAN,1WQJ; 2DSP; 2DSQ; 2DSR,,,HGNC:5473,Humans,DB01277
9542,Insulin-like growth factor-binding protein 5,IGFBP5,,,P24593,IBP5_HUMAN,1BOE; 1H59,,,HGNC:5474,Humans,DB01277
9545,Insulin-like growth factor-binding protein 6,IGFBP6,,,P24592,IBP6_HUMAN,1RMJ,,,HGNC:5475,Humans,DB01277
10152,Thyroglobulin,TG,,,P01266,THYG_HUMAN,,,,HGNC:11764,Humans,DB05382
10254,Hemopexin,HPX,,,P02790,HEMO_HUMAN,,,,HGNC:5171,Humans,DB00080
10614,Alpha globin,,,,V9H1D9,V9H1D9_HUMAN,,,,,Humans,DB01436
3449,Apolipoprotein A-I,APOA1,,BC110286,P02647,APOA1_HUMAN,1AV1; 1GW3; 1GW4; 1ODP; 1ODQ; 1ODR; 2A01; 2MSC; 2MSD; 2MSE; 3K2S; 3R2P; 4V6M,,APOA1,HGNC:600,Humans,DB00877; DB11886
922,Apolipoprotein A-II,APOA2,28748,X00955,P02652,APOA2_HUMAN,1L6L; 2OU1,,APOA2,HGNC:601,Humans,DB00877; DB11886
8974,Apolipoprotein A-IV,APOA4,,,P06727,APOA4_HUMAN,3S84,,,HGNC:602,Humans,DB00877; DB11886
10251,Apolipoprotein B-100,APOB,,,P04114,APOB_HUMAN,,,,HGNC:603,Humans,DB00877; DB11886
5895,Apolipoprotein C-II,APOC2,,,P02655,APOC2_HUMAN,1BY6; 1I5J; 1O8T; 1SOH,,,HGNC:609,Humans,DB00877; DB11886
5896,Apolipoprotein C-III,APOC3,,,P02656,APOC3_HUMAN,2JQ3,,,HGNC:610,Humans,DB00877; DB11886
4981,Apolipoprotein D,APOD,,,P05090,APOD_HUMAN,2APD; 2HZQ; 2HZR,,,HGNC:612,Humans,DB00877; DB11886
1119,Apolipoprotein E,APOE,178849,M12529,P02649,APOE_HUMAN,1B68; 1BZ4; 1EA8; 1GS9; 1H7I; 1LE2; 1LE4; 1LPE; 1NFN; 1NFO; 1OEF; 1OEG; 1OR2; 1OR3; 2KC3; 2KNY; 2L7B,,APOE,HGNC:613,Humans,DB00877; DB11886
8994,Apolipoprotein L1,APOL1,,,O14791,APOL1_HUMAN,"",,,HGNC:618,Humans,DB00877; DB11886
4245,Apolipoprotein M,APOM,6289103,AF118393,O95445,APOM_HUMAN,2WEW; 2WEX; 2YG2,,,HGNC:13916,Humans,DB00877; DB11886
1283,Apolipoprotein(a),LPA,28620,X06290,P08519,APOA_HUMAN,1I71; 1JFN; 1KIV; 2FEB; 3KIV; 4BV5; 4BV7; 4BVC; 4BVD; 4BVV; 4BVW; 4KIV,,LPA,HGNC:6667,Humans,DB00877; DB11886
