"","SYMBOL","ENTREZID"
"1","F2","2147"
"2","EGFR","1956"
"3","FCGR3B","2215"
"4","C1QA","712"
"5","C1QB","713"
"6","C1QC","714"
"7","FCGR3A","2214"
"8","FCGR1A","2209"
"9","FCGR2A","2212"
"10","IL2RA","3559"
"11","IL2RB","3560"
"12","IL2RG","3561"
"13","TNF","7124"
"14","FCGR2B","2213"
"15","FCGR2C","9103"
"16","LTA","4049"
"17","GNRHR","2798"
"18","IFNAR2","3455"
"19","IFNAR1","3454"
"20","PLG","5340"
"21","FGA","2243"
"22","PLAUR","5329"
"23","SERPINE1","5054"
"24","GHRHR","2692"
"25","EPOR","2057"
"26","SERPINB2","5055"
"27","SERPINA5","5104"
"28","LRP2","4036"
"29","ST14","6768"
"30","NID1","4811"
"31","LHCGR","3973"
"32","CALCR","799"
"33","CSF3R","1441"
"34","CSF2RA","1438"
"35","IL3RA","3563"
"36","CSF2RB","1439"
"37","SDC2","6383"
"38","PRG2","5553"
"39","TSHR","7253"
"40","F10","2159"
"41","F9","2158"
"42","VWF","7450"
"43","ASGR2","433"
"44","HSPA5","3309"
"45","CALR","811"
"46","CANX","821"
"47","LMAN1","3998"
"48","LRP1","4035"
"49","MCFD2","90411"
"50","IL1R1","3554"
"52","C3","718"
"53","C4A","720"
"54","C4B","721"
"55","C5","727"
"56","INSR","3643"
"57","IGF1R","3480"
"58","CPE","1363"
"60","IGFBP7","3490"
"61","CLEC3B","7123"
"62","ANXA2","302"
"63","FSHR","2492"
"64","IFNGR1","3459"
"65","IFNGR2","3460"
"66","AVPR2","554"
"67","AVPR1A","552"
"68","AVPR1B","553"
"69","TFPI","7035"
"70","GGCX","2677"
"71","F7","2155"
"72","F3","2152"
"73","IL11RA","3590"
"74","FGFR2","2263"
"75","FGFR1","2260"
"76","HSPG2","3339"
"77","GCGR","2642"
"78","GLP2R","9340"
"79","GLP1R","2740"
"80","VAMP2","6844"
"81","VAMP1","6843"
"82","SYT2","127833"
"83","FCER1A","2205"
"84","MS4A2","2206"
"85","TLR2","7097"
"86","COL1A1","1277"
"87","COL2A1","1280"
"88","COL3A1","1281"
"89","GHR","2690"
"90","PRLR","5618"
"91","ITGB3","3690"
"92","ITGA2B","3674"
"93","VTN","7448"
"94","F8","2157"
"95","F5","2153"
"96","THBD","7056"
"97","PROS1","5627"
"98","PF4","5196"
"99","SERPINB6","5269"
"100","PROCR","10544"
"101","CD33","945"
"102","ELANE","1991"
"103","GRB2","2885"
"104","OXTR","5021"
"105","TGFB1","7040"
"106","ERBB2","2064"
"107","MS4A1","931"
"108","CD3D","915"
"109","CD3E","916"
"110","CD3G","917"
"111","CD247","919"
"112","SNAP25","6616"
"113","RHOB","388"
"114","F2R","2149"
"115","CD52","1043"
"116","FOLH1","2346"
"117","CAMLG","819"
"118","PPP3R2","5535"
"119","PPIA","5478"
"121","CD2","914"
"122","ITGAL","3683"
"123","ITGAX","3687"
"124","CD1A","909"
"125","MR1","3140"
"126","CD86","942"
"127","CD4","920"
"128","ITGB1","3688"
"129","ITGAV","3685"
"130","F11","2160"
"131","PDGFRB","5159"
"132","PDGFRA","5156"
"133","A2M","2"
"134","ITGA4","3676"
"135","ICAM1","3383"
"139","C1R","715"
"140","VEGFA","7422"
"141","CEACAM1","634"
"142","GAD1","2571"
"143","CBS","875"
"144","KYNU","8942"
"146","ODC1","4953"
"147","PNPO","55163"
"148","SGPL1","8879"
"149","TAT","6898"
"152","SPTLC2","9517"
"153","CSAD","51380"
"154","HDC","3067"
"155","SDS","10993"
"156","GPT","2875"
"157","PSAT1","29968"
"159","AGXT","189"
"160","PDXP","57026"
"161","SPTLC1","10558"
"162","CTH","1491"
"164","DDC","1644"
"168","ALAS1","211"
"170","SCLY","51540"
"171","IGSF10","285313"
"172","PHYKPL","85007"
"173","GPT2","84706"
"174","MOCOS","55034"
"175","SDSL","113675"
"176","SRR","63826"
"177","SEPSECS","51091"
"178","SPTLC3","55304"
"181","MTR","4548"
"182","MTRR","4552"
"183","MMACHC","25974"
"184","MTHFR","4524"
"186","ALDH1L1","10840"
"187","FTCD","10841"
"188","ATIC","471"
"189","SLC38A3","10991"
"190","HAL","3034"
"191","GNMT","27232"
"192","AMD1","262"
"193","MAT2A","4144"
"194","MAT1A","4143"
"195","COMT","1312"
"196","CMTR1","23070"
"197","AS3MT","57412"
"198","SLC16A3","9123"
"199","SLC16A2","6567"
"200","SLC16A5","9121"
"201","PKLR","5313"
"202","SLC16A6","9120"
"203","SLC16A7","9194"
"204","PKM","5315"
"205","SLC16A4","9122"
"206","SLC16A8","23539"
"207","SLC16A1","6566"
"208","SLC7A8","23428"
"209","FARSA","2193"
"211","PAH","5053"
"212","FARSB","10056"
"214","TH","7054"
"215","HLCS","3141"
"216","ACACB","32"
"217","ACACA","31"
"218","PCYT1B","9468"
"219","ACHE","43"
"220","PCYT1A","5130"
"221","PLD2","5338"
"222","BCHE","590"
"223","PLD1","5337"
"224","PHOSPHO1","162466"
"225","CHRNA7","1139"
"226","SLC7A1","6541"
"227","SLC7A4","6545"
"228","SLC7A3","84889"
"230","ASL","435"
"231","ASS1","445"
"235","BBOX1","8424"
"236","DBH","1621"
"237","PAM","5066"
"238","P3H1","64175"
"239","P3H2","55214"
"240","P3H3","10536"
"241","P4HA1","5033"
"242","OGFOD2","79676"
"243","ALKBH3","221120"
"244","KDM5D","8284"
"245","P4HTM","54681"
"246","EGLN1","54583"
"247","EGLN2","112398"
"248","EGLN3","112399"
"249","SMS","6611"
"250","SMOX","54498"
"251","CASR","846"
"252","ADRB1","153"
"253","ADRB2","154"
"254","RNASE1","6035"
"255","LYZ","4069"
"256","SLC25A13","10165"
"257","ASPA","443"
"258","ASNS","440"
"259","ACY1","95"
"260","SLC25A12","8604"
"261","ASPH","444"
"262","PAICS","10606"
"264","SLC1A1","6505"
"265","ASRGL1","80150"
"266","ARG1","383"
"267","OAZ1","4946"
"268","SLC25A2","83884"
"269","SLC25A15","10166"
"270","CTPS1","1503"
"271","PPAT","5471"
"274","GLUL","2752"
"276","CREB1","1385"
"277","PRKAB1","5564"
"278","HINT1","3094"
"279","PRKAA1","5562"
"280","ADCY1","107"
"281","ACSL1","2180"
"282","ADK","132"
"283","FADS1","3992"
"284","FADS2","9415"
"285","SLC8A1","6546"
"286","TRPV1","7442"
"287","PPARA","5465"
"288","NR1H4","9971"
"289","PPARD","5467"
"290","PPARG","5468"
"291","RXRA","6256"
"292","ELOVL2","54898"
"293","ELOVL5","60481"
"294","METAP2","10988"
"296","BHMT","635"
"297","BHMT2","23743"
"298","VDR","7421"
"299","HOXA10","3206"
"300","SLC7A11","23657"
"301","CTNS","1497"
"302","SUCNR1","56670"
"303","RFK","55312"
"305","BLVRB","645"
"306","NAGK","55577"
"307","NAGPA","51172"
"308","NAGLU","4669"
"309","RENBP","5973"
"310","GRM1","2911"
"311","GRM4","2914"
"312","GRM7","2917"
"313","GRM8","2918"
"314","SLC1A7","6512"
"315","OPLAH","26873"
"316","PFAS","5198"
"318","SLC1A3","6507"
"319","SLC1A2","6506"
"320","GCLC","2729"
"321","SLC1A6","6511"
"322","GMPS","8833"
"324","ENPEP","2028"
"325","NADSYN1","55191"
"326","DNPEP","23549"
"327","CPQ","10404"
"328","GRIA1","2890"
"329","GCLM","2730"
"330","GAD2","2572"
"331","GRIA2","2891"
"332","GRIA3","2892"
"333","GRIA4","2893"
"334","ALDH18A1","5832"
"335","MGST3","4259"
"336","HPGDS","27306"
"337","GSTA1","2938"
"338","GSTA2","2939"
"339","MGST1","4257"
"340","ESD","2098"
"341","GGT1","2678"
"342","GSTM2","2946"
"343","GLRX","2745"
"344","GSTM5","2949"
"345","GPX6","257202"
"346","GPX1","2876"
"347","GPX7","2882"
"348","MGST2","4258"
"349","GSTO2","119391"
"350","GLO1","2739"
"351","LTC4S","4056"
"352","GSS","2937"
"353","GSTM1","2944"
"354","GSTK1","373156"
"355","GSTA3","2940"
"356","GSTM3","2947"
"357","GSTA4","2941"
"358","GSTM4","2948"
"359","GSTA5","221357"
"360","GSTP1","2950"
"361","GSTO1","9446"
"362","GPX2","2877"
"363","GSTT1","2952"
"364","GSTZ1","2954"
"365","GPX5","2880"
"366","GPX3","2878"
"367","AKR1B1","231"
"368","MMP9","4318"
"369","CYP3A4","1576"
"370","DGKG","1608"
"371","DGKD","8527"
"372","PTDSS2","81490"
"373","SMPD4","55627"
"374","SMPD3","55512"
"375","PRKCA","5578"
"376","PTDSS1","9791"
"377","PISD","23761"
"378","SCARB1","949"
"380","BAAT","570"
"381","GPR18","2841"
"382","GLYAT","10249"
"383","GLYATL2","219970"
"384","GLYATL1","92292"
"385","PIPOX","51268"
"386","GLRA1","2741"
"387","GLRB","2743"
"388","GLRA3","8001"
"389","GLRA2","2742"
"390","PDXK","8566"
"391","CKM","1158"
"392","CKB","1152"
"393","SLC6A8","6535"
"394","GAMT","2593"
"395","LCMT1","51451"
"397","MGMT","4255"
"398","CDO1","1036"
"399","TPK1","27010"
"400","PTGS1","5742"
"401","PTGS2","5743"
"402","PADI6","353238"
"403","PADI1","29943"
"404","PADI3","51702"
"405","PADI2","11240"
"406","PADI4","23569"
"407","UGDH","7358"
"409","ADH1A","124"
"410","SORD","6652"
"411","ADH4","127"
"412","ADH1C","126"
"413","ADH1B","125"
"414","ADH7","131"
"415","LDHAL6A","160287"
"416","ADH5","128"
"417","HSD17B10","3028"
"418","LDHA","3939"
"419","HSD17B4","3295"
"420","LDHAL6B","92483"
"421","LDHC","3948"
"422","LDHB","3945"
"423","EHHADH","1962"
"424","HSD17B3","3293"
"425","HMGCR","3156"
"427","ME1","4199"
"428","PHGDH","26227"
"430","HSD17B7","51478"
"431","HSD17B1","3292"
"432","HSD17B2","3294"
"433","RDH5","5959"
"434","H6PD","9563"
"435","HSD17B8","7923"
"436","AKR1C4","1109"
"437","IMPDH2","3615"
"438","AKR1C3","8644"
"439","HPGD","3248"
"442","AKR1C1","1645"
"443","HSD11B1","3290"
"444","HSD3B2","3284"
"445","HSD3B1","3283"
"446","IMPDH1","3614"
"447","HSD11B2","3291"
"448","AKR1C2","1646"
"449","ALDH3B2","222"
"450","ALDH1A1","216"
"451","ALDH9A1","223"
"452","ALDH1A3","220"
"453","ALDH3B1","221"
"454","GAPDH","2597"
"456","ALDH1A2","8854"
"457","ALDH3A2","224"
"458","ALDH7A1","501"
"459","PYCR2","29920"
"460","BLVRA","644"
"461","DHFR","1719"
"466","DHCR7","1717"
"467","NQO2","4835"
"470","ND3","4537"
"471","CYB5R3","1727"
"472","NDUFA11","126328"
"474","QDPR","5860"
"476","NDUFA5","4698"
"478","NDUFA7","4701"
"479","NDUFA1","4694"
"482","NDUFA6","4700"
"483","NDUFA2","4695"
"484","NDUFA8","4702"
"485","NDUFA3","4696"
"486","NDUFC2","4718"
"487","NDUFB1","4707"
"488","NDUFB10","4716"
"489","NDUFB4","4710"
"490","NDUFB3","4709"
"491","NDUFB7","4713"
"492","NDUFB9","4715"
"493","NDUFB6","4712"
"494","NDUFA12","55967"
"495","NDUFS5","4725"
"496","NDUFA13","51079"
"497","NDUFA4L2","56901"
"498","CYP4A11","1579"
"499","MSMO1","6307"
"500","HMOX1","3162"
"501","HMOX2","3163"
"502","TYR","7299"
"503","FOLR3","2352"
"504","FOLR2","2350"
"505","FOLR1","2348"
"506","ACSL4","2182"
"507","FFAR1","2864"
"508","SLC36A1","206358"
"509","SLC1A4","6509"
"511","RDH12","145226"
"512","DHRS3","9249"
"513","RDH11","51109"
"514","DHRS4","10901"
"515","RDH14","57665"
"516","RDH8","50700"
"517","LRAT","9227"
"518","RDH13","112724"
"519","APOD","347"
"520","PTGDS","5730"
"521","NR1I2","8856"
"522","PRKCB","5579"
"523","ALOX5","240"
"524","DGKA","1606"
"525","PPP2CB","5516"
"526","PPP2CA","5515"
"527","SEC14L4","284904"
"528","SEC14L3","266629"
"529","SEC14L2","23541"
"530","SLC5A6","8884"
"531","TAS1R2","80834"
"532","TAS1R3","83756"
"533","VKORC1","79001"
"534","VKORC1L1","154807"
"535","PROC","5624"
"536","NQO1","1728"
"537","BGLAP","632"
"538","ABL2","27"
"539","ABCG1","9619"
"540","ABCC2","1244"
"541","ABCA1","19"
"542","ALK","238"
"543","NAE1","8883"
"544","ARAF","369"
"545","ACVRL1","94"
"546","NT5C2","22978"
"548","ABCC9","10060"
"549","AKT1","207"
"551","APAF1","317"
"552","ACVR1B","91"
"553","ACVR1","90"
"554","ABCB11","8647"
"555","CDK15","65061"
"556","SLC25A4","291"
"557","ABCC8","6833"
"558","AFG3L2","10939"
"560","AMHR2","269"
"561","TNK2","10188"
"562","ABL1","25"
"563","ABCC6","368"
"564","ABCC4","10257"
"565","ABCC1","4363"
"566","CFTR","1080"
"567","CSNK2A1","1457"
"568","CSNK2B","1460"
"569","P2RY11","5032"
"570","PPP5C","5536"
"571","P4HA2","8974"
"572","PPIH","10465"
"573","PPIB","5479"
"574","PPIC","5480"
"575","PPIG","9360"
"578","SLC6A14","11254"
"579","SLC6A7","6534"
"580","APRT","353"
"582","ACP1","52"
"583","PECR","55825"
"584","SRPK2","6733"
"586","MTAP","4507"
"588","SLC1A5","6510"
"589","HDAC2","3066"
"590","SLC6A4","6532"
"591","KCNH2","3757"
"592","AGTR1","185"
"593","ACE","1636"
"594","BDKRB1","623"
"595","SHBG","6462"
"596","NR3C1","2908"
"597","GABBR1","2550"
"598","GABBR2","9568"
"599","SLC18A2","6571"
"600","SLC6A3","6531"
"601","CARTPT","9607"
"602","TAAR1","134864"
"603","SLC6A2","6530"
"604","MAOB","4129"
"605","CCKBR","887"
"606","CHRNA4","1137"
"607","CHRNB2","1141"
"608","CHRNA2","1135"
"609","CHRNA3","1136"
"610","CHRNA5","1138"
"611","CHRNA6","8973"
"612","CHRNA9","55584"
"613","CHRNA10","57053"
"614","CHRNB3","1142"
"615","CHRNB4","1143"
"616","CHAT","1103"
"617","CHRM3","1131"
"618","CHRM1","1128"
"619","PSMB5","5693"
"620","PSMB1","5689"
"621","MAOA","4128"
"622","NPY","4852"
"623","SCN5A","6331"
"624","OPRM1","4988"
"625","HTR2C","3358"
"627","OPRK1","4986"
"628","OPRD1","4985"
"629","SCN2A","6326"
"630","ADORA1","134"
"634","SLC29A1","2030"
"635","ESRRG","2104"
"636","ESRRA","2101"
"637","NEU1","4758"
"638","NEU2","4759"
"639","MLNR","2862"
"640","TCN1","6947"
"641","AMN","81693"
"642","CUBN","8029"
"643","ADORA2A","135"
"644","RYR1","6261"
"645","PRKDC","5591"
"646","ATM","472"
"647","ADORA2B","136"
"648","ADORA3","140"
"649","CHRM2","1129"
"650","KCNK2","3776"
"651","KCNJ12","3768"
"652","HEXB","3074"
"653","SLC18A1","6570"
"654","BIRC5","332"
"655","P2RY12","64805"
"656","RARB","5915"
"657","RARG","5916"
"658","RXRB","6257"
"659","RXRG","6258"
"660","JUN","3725"
"661","RARA","5914"
"662","ADRA1A","148"
"663","ADRA1B","147"
"664","ADRA1D","146"
"665","REN","5972"
"666","ATP4A","495"
"667","SLC12A1","6557"
"668","SLC12A2","6558"
"669","HRH1","3269"
"671","HTR1D","3352"
"672","HTR1B","3351"
"673","HTR1F","3355"
"674","HTR1A","3350"
"675","KCNJ1","3758"
"678","TOP2A","7153"
"680","KCNJ11","3767"
"681","ATP2C1","27032"
"682","ATP2A1","487"
"686","CACNA2D1","781"
"687","CA1","759"
"688","CA2","760"
"689","CA4","762"
"690","CHUK","1147"
"691","PLA2G2E","30814"
"693","LSS","4047"
"695","GABRA1","2554"
"696","GABRA2","2555"
"697","GABRA3","2556"
"698","GABRA4","2557"
"699","GABRA5","2558"
"700","GABRA6","2559"
"701","RRM1","6240"
"702","RRM2","6241"
"703","RRM2B","50484"
"704","POLA1","5422"
"705","POLE","5426"
"706","POLE2","5427"
"707","POLE3","54107"
"708","POLE4","56655"
"709","PNP","4860"
"711","IKBKB","3551"
"712","MPO","4353"
"713","HTR2A","3356"
"714","HTR1E","3354"
"715","HTR6","3362"
"716","HTR7","3363"
"717","ADRA2A","150"
"718","ADRA2B","151"
"719","ADRA2C","152"
"720","CHRM4","1132"
"721","CHRM5","1133"
"722","HTR5A","3361"
"723","HTR2B","3357"
"725","SCN1A","6323"
"726","SCN1B","6324"
"727","SCN3A","6328"
"728","SCN8A","6334"
"729","ESR2","2100"
"730","ESRRB","2103"
"731","NCOA2","10499"
"732","AR","367"
"734","KCNN4","3783"
"735","HCAR2","338442"
"740","CRYZ","1429"
"742","CACNA1C","775"
"743","CACNB2","783"
"744","CACNA1H","8912"
"745","CACNA2D2","9254"
"746","CACNA1D","776"
"747","CACNA1S","779"
"748","HRH2","3274"
"749","CA3","761"
"756","ORM1","5004"
"757","ALB","213"
"758","CPNE1","8904"
"759","HM13","81502"
"760","NOMO1","23420"
"761","PARP1","142"
"762","RIC3","79608"
"763","TTLL3","26140"
"764","THRA","7067"
"765","THRB","7068"
"766","PCNA","5111"
"767","KCND2","3751"
"768","KCND3","3752"
"769","ORM2","5005"
"770","SCN10A","6336"
"771","SCN9A","6335"
"772","SCN4A","6329"
"773","FDPS","2224"
"774","GGPS1","9453"
"775","CASP3","836"
"776","CASP9","842"
"777","AMY2A","279"
"778","GAA","2548"
"779","PTGFR","5737"
"780","ANXA1","301"
"781","KCNJ3","3760"
"782","LIG1","3978"
"783","LIG3","3980"
"785","TYMS","7298"
"788","PGR","5241"
"789","LY96","23643"
"790","PTGER1","5731"
"795","CACNB1","782"
"796","CACNG1","786"
"797","KCNK1","3775"
"798","KCNK6","9424"
"799","KCNH6","81033"
"800","KCNH7","90134"
"801","TUBB1","81027"
"802","CA7","766"
"803","HDAC9","9734"
"805","PTGES3","10728"
"809","HTR4","3360"
"810","ADRB3","155"
"811","NTRK1","4914"
"812","NTRK2","4915"
"813","KCNQ2","3785"
"814","KCNA1","3736"
"815","HRH4","59340"
"816","SIGMAR1","10280"
"817","KCNQ3","3786"
"818","NPR1","4881"
"819","PTGR2","145482"
"820","PTGDR2","11251"
"824","HTR3A","3359"
"827","MTOR","2475"
"828","FKBP1A","2280"
"829","AHR","196"
"830","CACNA1G","8913"
"831","HPD","3242"
"846","KCNMA1","3778"
"848","TPH1","7166"
"849","TUBB","203068"
"851","CALY","50632"
"852","PGA5","5222"
"853","FGF2","2247"
"854","EGF","1950"
"855","NR1I3","9970"
"856","SRD5A1","6715"
"858","PTGIR","5739"
"859","TOP2B","7155"
"860","CACNA1B","774"
"861","CACNA2D3","55799"
"862","SMPD1","6609"
"863","CACNA1I","8911"
"864","CES1","1066"
"865","SCNN1G","6340"
"866","SCNN1A","6337"
"867","SCNN1B","6338"
"868","SCNN1D","6339"
"869","TPO","7173"
"870","ATP1A1","476"
"871","CACNA1F","778"
"872","CACNB3","784"
"873","CACNB4","785"
"874","NR3C2","4306"
"875","GABRB2","2561"
"876","GABRG2","2566"
"877","BRAF","673"
"878","RAF1","5894"
"879","FLT4","2324"
"880","KDR","3791"
"881","FLT3","2322"
"882","KIT","3815"
"883","RET","5979"
"884","FLT1","2321"
"885","CCKAR","886"
"886","SERPINC1","462"
"887","SERPIND1","3053"
"889","SLC15A1","6564"
"890","SLC15A2","6565"
"891","TEK","7010"
"892","UGCG","7357"
"893","GABRB1","2560"
"894","GABRB3","2562"
"895","GABRR1","2569"
"896","GUCY1A2","2977"
"897","MT1A","4489"
"898","SLC12A3","6559"
"899","XDH","7498"
"900","CMPK1","51727"
"903","CD55","1604"
"904","MAPT","4137"
"906","CXCR4","7852"
"909","KCNH1","3756"
"910","RBP1","5947"
"911","GP9","2815"
"912","CNR1","1268"
"913","CNR2","1269"
"914","CYSLTR1","10800"
"915","CKS1B","1163"
"916","CALM1","801"
"918","CRBN","51185"
"919","TNFSF11","8600"
"920","CDH5","1003"
"921","SERPINB9","5272"
"922","TFF1","7031"
"923","PDPK1","5170"
"924","CDH11","1009"
"925","TOP1","7150"
"927","GANAB","23193"
"928","GANC","2595"
"929","SLC22A6","9356"
"930","SLC22A8","9376"
"931","SLC22A11","55867"
"932","SLC22A7","10864"
"933","TERT","7015"
"934","MCHR1","2847"
"935","PLAT","5327"
"936","LPA","4018"
"937","PGRMC1","10857"
"938","MPG","4350"
"939","TF","7018"
"940","ATOX1","475"
"941","TUBA1A","7846"
"942","TUBB4B","10383"
"946","HPN","3249"
"947","IGFBP3","3486"
"948","PSG5","5673"
"949","CYP26C1","340665"
"950","SQLE","6713"
"952","ELN","2006"
"953","DLG4","1742"
"957","TUBA4A","7277"
"959","AKR1D1","6718"
"960","SRD5A2","6716"
"963","MMP12","4321"
"964","ADA","100"
"965","CHRNA1","1134"
"966","EDNRA","1909"
"967","EDNRB","1910"
"971","KCNK3","3777"
"972","KCNK9","51305"
"973","CA9","768"
"974","CA12","771"
"975","TUBD1","51174"
"976","TUBG1","7283"
"977","TUBE1","51175"
"979","SLC22A4","6583"
"980","SLC22A5","6584"
"981","CRAT","1384"
"982","SLC25A20","788"
"983","CROT","54677"
"984","PLA2G4A","5321"
"985","ANXA3","306"
"986","ANXA4","307"
"987","ANXA5","308"
"988","AOC1","26"
"989","ASIC2","40"
"990","ASIC1","41"
"991","SLC9A1","6548"
"992","PLAU","5328"
"993","FAAH","2166"
"994","MAPK3","5595"
"995","AKR1B10","57016"
"996","FXYD2","486"
"997","SFRP4","6424"
"998","TLR9","54106"
"1001","HMGB1","3146"
"1002","ACE2","59272"
"1006","HNMT","3176"
"1010","HSP90AA1","3320"
"1011","HSP90B1","7184"
"1012","MME","4311"
"1013","BCR","613"
"1014","CSF1R","1436"
"1015","DDR1","780"
"1016","IDE","3416"
"1017","HCAR3","8843"
"1018","QPRT","23475"
"1020","NNMT","4837"
"1021","PTPN4","5775"
"1022","PTPRS","5802"
"1023","PTPRE","5791"
"1024","ATP6V1A","523"
"1029","GART","2618"
"1030","GNRHR2","114814"
"1031","GRM5","2915"
"1032","CACNA1A","773"
"1033","MAPK8","5599"
"1034","FGF1","2246"
"1035","FGF4","2249"
"1036","PTS","5805"
"1037","GPR35","2859"
"1038","NISCH","11188"
"1043","LDLR","3949"
"1045","CYSLTR2","57105"
"1046","FPR1","2357"
"1047","PTGDR","5729"
"1048","SLC25A5","292"
"1049","SLC25A6","293"
"1050","ASPG","374569"
"1051","DNMT1","1786"
"1052","DNMT3A","1788"
"1053","TLR7","51284"
"1054","TLR8","51311"
"1055","TRDMT1","1787"
"1056","APP","351"
"1057","GPRC5A","9052"
"1058","RARRES1","5918"
"1059","LCN1","3933"
"1060","OBP2A","29991"
"1061","RBP4","5950"
"1062","CYP26A1","1592"
"1063","CYP26B1","56603"
"1068","PRNP","5621"
"1070","SLC12A5","57468"
"1071","SLC12A6","9990"
"1072","SLC12A7","10723"
"1073","SLC12A4","6560"
"1074","HRH3","11255"
"1075","S100A1","6271"
"1076","S100A12","6283"
"1077","S100B","6285"
"1078","S100A13","6284"
"1079","S100A2","6273"
"1080","PTGER2","5732"
"1082","AOC3","8639"
"1083","GPER1","2852"
"1085","BECN1","8678"
"1086","MMP1","4312"
"1087","MMP2","4313"
"1088","MMP3","4314"
"1089","MMP7","4316"
"1090","MMP8","4317"
"1091","MMP10","4319"
"1092","MMP11","4320"
"1093","MMP13","4322"
"1094","MMP14","4323"
"1095","MMP15","4324"
"1096","MMP16","4325"
"1097","MMP17","4326"
"1098","MMP19","4327"
"1099","MMP20","9313"
"1100","MMP21","118856"
"1101","MMP23A","8511"
"1102","MMP24","10893"
"1103","MMP25","64386"
"1104","MMP26","56547"
"1105","MMP27","64066"
"1106","MMP28","79148"
"1108","TBXAS1","6916"
"1109","PLA2G1B","5319"
"1111","NT5E","4907"
"1115","PTGIS","5740"
"1117","CA14","23632"
"1118","AQP1","358"
"1119","TRPM8","79054"
"1120","TRPA1","8989"
"1121","TRPV3","162514"
"1123","S100A4","6275"
"1124","KLK3","354"
"1125","POMC","5443"
"1126","TNFAIP6","7130"
"1127","IL1B","3553"
"1128","KCNA3","3738"
"1129","NPY2R","4887"
"1134","POLA2","23649"
"1135","NFKB1","4790"
"1136","IL2","3558"
"1137","ALAD","210"
"1139","HBB","3043"
"1140","HBA1","3039"
"1141","FTH1","2495"
"1142","FTL","2512"
"1143","FCER1G","2207"
"1144","KCNJ6","3763"
"1145","VCAM1","7412"
"1146","KCNJ5","3762"
"1147","GABRG1","2565"
"1148","GABRG3","2567"
"1149","GABRE","2564"
"1150","GABRP","2568"
"1151","GABRQ","55879"
"1152","GABRD","2563"
"1153","SLC29A2","3177"
"1154","HTR3E","285242"
"1155","HTR3B","9177"
"1156","HTR3D","200909"
"1157","HTR3C","170572"
"1158","CACNG2","10369"
"1159","KCNJ9","3765"
"1160","L1CAM","3897"
"1161","LEF1","51176"
"1162","PTGER3","5733"
"1163","SLC6A1","6529"
"1164","SCN11A","11280"
"1165","SCN2B","6327"
"1166","SCN3B","55800"
"1167","SCN4B","6330"
"1168","CA6","765"
"1169","CA8","767"
"1170","CA10","56934"
"1171","CA11","770"
"1172","CA13","377677"
"1173","KCNJ8","3764"
"1174","PTGER4","5734"
"1175","OPRL1","4987"
"1176","TLR4","7099"
"1177","AOX1","316"
"1178","TP53","7157"
"1179","RPS6KA3","6197"
"1180","NFKBIA","4792"
"1181","CASP1","834"
"1182","CCND1","595"
"1183","MYC","4609"
"1184","CYP2C8","1558"
"1185","CYP1A2","1544"
"1186","CYP2C19","1557"
"1187","NPC1L1","29881"
"1188","SOAT1","6646"
"1189","ANPEP","290"
"1191","RCAN1","1827"
"1192","MTNR1A","4543"
"1193","MTNR1B","4544"
"1194","POLB","5423"
"1195","SOD1","6647"
"1196","RAC1","5879"
"1197","KCNQ5","56479"
"1198","NOLC1","9221"
"1199","S100P","6286"
"1201","CYP51A1","1595"
"1202","CXCR1","3577"
"1204","TRPM4","54795"
"1205","CYCS","54205"
"1206","IL3","3562"
"1207","CYP21A2","1589"
"1208","PANX1","24145"
"1209","TAS2R16","50833"
"1210","HPRT1","3251"
"1216","FASN","2194"
"1217","CLCN2","1181"
"1218","SMO","6608"
"1219","BCL2","596"
"1220","GP1BA","2811"
"1221","S100A7","6278"
"1222","CCL2","6347"
"1224","RORB","6096"
"1225","EPX","8288"
"1226","ASMT","438"
"1227","DCK","1633"
"1228","DPP4","1803"
"1229","PNLIP","5406"
"1230","LIPF","8513"
"1231","ATP1A2","477"
"1232","ATP1A3","478"
"1233","SOAT2","8435"
"1234","MTTP","4547"
"1235","PTK2B","2185"
"1236","PLA2G6","8398"
"1237","PLCL1","5334"
"1238","SLC29A4","222962"
"1239","NTSR2","23620"
"1240","SELP","6403"
"1241","FGFR4","2264"
"1242","FGF19","9965"
"1243","HGF","3082"
"1246","PPARGC1B","133522"
"1248","PTPN12","5782"
"1249","PTPN6","5777"
"1250","NPPB","4879"
"1251","GJA1","2697"
"1252","SELE","6401"
"1253","HIF1A","3091"
"1254","KCNJ4","3761"
"1255","KCNJ2","3759"
"1256","SLC22A12","116085"
"1258","RHO","6010"
"1259","GNG2","54331"
"1260","NPSR1","387129"
"1261","MAPK1","5594"
"1262","CDKN1A","1026"
"1263","HDAC1","3065"
"1264","PML","5371"
"1265","SULT1E1","6783"
"1266","TSPO","706"
"1268","RYR2","6262"
"1269","MAP2","4133"
"1270","MAP1A","4130"
"1271","LTA4H","4048"
"1272","SV2A","9900"
"1273","STMN4","81551"
"1274","TBXA2R","6915"
"1275","SLCO1B1","10599"
"1276","SLCO1B3","28234"
"1277","CAT","847"
"1279","MAP4","4134"
"1280","NR0B1","190"
"1281","CCDC51","79714"
"1282","SLCO2B1","11309"
"1283","KCNQ1","3784"
"1284","TPMT","7172"
"1285","IFNG","3458"
"1286","SRC","6714"
"1287","EPHA2","1969"
"1288","LCK","3932"
"1289","YES1","7525"
"1290","STAT5B","6777"
"1291","FYN","2534"
"1292","BTK","695"
"1293","NR4A3","8013"
"1294","CSK","1445"
"1295","EPHA5","2044"
"1296","EPHB4","2050"
"1297","FGR","2268"
"1298","FRK","2444"
"1299","HSPA8","3312"
"1300","LYN","4067"
"1302","MAPK14","1432"
"1304","DNMT3B","1789"
"1305","PLIN3","10226"
"1306","M6PR","4074"
"1307","IGF2R","3482"
"1308","RAMP1","10267"
"1309","RAMP2","10266"
"1310","RAMP3","10268"
"1311","CD80","941"
"1312","MC2R","4158"
"1313","CRH","1392"
"1314","RELA","5970"
"1316","PON1","5444"
"1317","IL15","3600"
"1319","AGTR2","186"
"1320","GSK3B","2932"
"1321","IMPA1","3612"
"1322","IMPA2","3613"
"1324","KLK1","3816"
"1325","CAST","831"
"1326","COMP","1311"
"1327","S100A8","6279"
"1328","S100A9","6280"
"1329","CP","1356"
"1330","BMP4","652"
"1331","MGP","4256"
"1332","PCDH19","57526"
"1333","PDCD6","10016"
"1334","VDAC1","7416"
"1335","VDAC2","7417"
"1336","VDAC3","7419"
"1337","IL6","3569"
"1338","NGF","4803"
"1339","IL5","3567"
"1340","RNASE3","6037"
"1341","MUC2","4583"
"1342","TRIM13","10206"
"1345","GABRR2","2570"
"1346","GABRR3","200959"
"1347","TFRC","7037"
"1348","HDAC8","55869"
"1349","AHSP","51327"
"1350","FEN1","2237"
"1351","NEIL1","79661"
"1352","NEIL2","252969"
"1353","ALDOA","226"
"1354","EEF1A1","1915"
"1355","ENO1","2023"
"1356","NME1","4830"
"1357","P4HB","5034"
"1358","PDIA3","2923"
"1359","PRDX1","5052"
"1360","PSPH","5723"
"1363","TPI1","7167"
"1364","MT2A","4502"
"1365","CCS","9973"
"1366","HDAC4","9759"
"1367","SEMG1","6406"
"1368","SIVA1","10572"
"1369","MDM2","4193"
"1370","INS","3630"
"1371","UTRN","7402"
"1372","TP73","7161"
"1373","MT3","4504"
"1374","DAND5","199699"
"1375","A1BG","1"
"1376","AGT","183"
"1377","AHSG","197"
"1378","APCS","325"
"1379","APOA1","335"
"1380","APOA2","336"
"1381","APOA4","337"
"1382","APOBR","55911"
"1383","APOE","348"
"1384","APOL1","8542"
"1385","C1S","716"
"1386","C4BPA","722"
"1387","C4BPB","725"
"1388","BRCC3","79184"
"1389","C8A","731"
"1390","C8B","732"
"1391","C8G","733"
"1392","CFB","629"
"1393","CFH","3075"
"1394","CFI","3426"
"1395","CLU","1191"
"1396","CPN1","1369"
"1397","CPN2","1370"
"1398","DCD","117159"
"1399","DSP","1832"
"1400","F12","2161"
"1401","F13B","2165"
"1402","FCN3","8547"
"1403","FN1","2335"
"1404","GSN","2934"
"1405","HPR","3250"
"1406","HRNR","388697"
"1407","IGFALS","3483"
"1408","IGHA1","3493"
"1409","IGHM","3507"
"1410","IGKV1-17","28937"
"1411","IGLV3-21","28796"
"1412","ITIH1","3697"
"1413","ITIH2","3698"
"1414","ITIH3","3699"
"1415","ITIH4","3700"
"1416","JCHAIN","3512"
"1417","JUP","3728"
"1418","KLKB1","3818"
"1419","KNG1","3827"
"1420","PGLYRP2","114770"
"1421","PZP","5858"
"1423","SERPINA1","5265"
"1424","SERPINA3","12"
"1425","SERPINA4","5267"
"1426","SERPINA6","866"
"1427","TTR","7276"
"1428","APLP1","333"
"1429","APLP2","334"
"1430","DPEP1","1800"
"1433","NPR2","4882"
"1435","LCN2","3934"
"1436","IGHG1","3500"
"1439","UCKL1","54963"
"1444","DTYMK","1841"
"1447","NCOA1","8648"
"1448","CYP1B1","1545"
"1449","DCPS","28960"
"1450","EIF4E","1977"
"1455","CTRB1","1504"
"1456","PRSS1","5644"
"1458","FST","10468"
"1466","FAH","2184"
"1467","PGAM2","5224"
"1469","PREP","5550"
"1472","B3GAT1","27087"
"1473","TREM1","54210"
"1474","DDX6","1656"
"1476","HIF1AN","55662"
"1478","ATP6V1C1","528"
"1480","CBR1","873"
"1485","ENO3","2027"
"1486","MB","4151"
"1489","AK8","158067"
"1490","AK1","203"
"1497","IDH1","3417"
"1498","WAS","7454"
"1499","PTPN1","5770"
"1502","SKP1","6500"
"1506","PCMT1","5110"
"1507","PNMT","5409"
"1510","PRMT3","10196"
"1517","PRMT1","3276"
"1520","SETD7","80854"
"1526","COMTD1","118881"
"1528","PIM1","5292"
"1529","RPIA","22934"
"1532","LCN9","392399"
"1533","PIN1","5300"
"1537","AANAT","15"
"1539","YWHAE","7531"
"1540","MAPK10","5602"
"1541","MAPK8IP1","9479"
"1542","TTK","7272"
"1544","IDI1","3422"
"1549","PRKAR1A","5573"
"1553","ARSA","410"
"1555","PRSS2","5645"
"1558","HCK","3055"
"1559","CTSF","8722"
"1560","LTF","4057"
"1561","HS3ST1","9957"
"1562","SULT2B1","6820"
"1563","RNASE2","6036"
"1564","SULT1A1","6817"
"1565","HS3ST3A1","9955"
"1566","SULT2A1","6822"
"1567","NDST1","3340"
"1569","SULT1B1","27284"
"1575","MBL2","4153"
"1581","LGALS3","3958"
"1585","ISYNA1","51477"
"1590","CELA1","1990"
"1592","IGKC","3514"
"1593","UGT3A1","133688"
"1595","ART1","417"
"1598","CTSK","1513"
"1599","PAPOLA","10914"
"1600","GYG1","2992"
"1602","GALE","2582"
"1605","GLT6D1","360203"
"1607","GLB1","2720"
"1610","PLEKHA4","57664"
"1611","DAPP1","27071"
"1612","ITPKA","3706"
"1613","CYTH2","9266"
"1614","CYTH3","9265"
"1615","ARF6","382"
"1616","TGM3","7053"
"1618","RAB11A","8766"
"1619","AMY2B","280"
"1622","TUBA3C","7278"
"1623","TUBB4A","10382"
"1624","TUBB3","10381"
"1625","TUBA1C","84790"
"1626","TUBA8","51807"
"1627","TUBA1B","10376"
"1630","MIF","4282"
"1632","CDK2","1017"
"1633","IGF1","3479"
"1635","NSF","4905"
"1636","ERO1B","56605"
"1642","PMP2","5375"
"1646","PRKACA","5566"
"1657","CTBP1","1487"
"1660","CASK","8573"
"1661","GUK1","2987"
"1664","GGACT","87769"
"1665","PVALB","5816"
"1666","ACYP2","98"
"1673","GPHN","10243"
"1677","MOCS2","4338"
"1681","MYH14","79784"
"1682","DMPK","1760"
"1695","GMPR","2766"
"1711","TLL2","7093"
"1712","RORA","6095"
"1715","DBI","1622"
"1720","KAT5","10524"
"1724","KAT2A","2648"
"1725","KAT2B","8850"
"1732","HK1","3098"
"1737","GPI","2821"
"1738","ITK","3702"
"1739","SYK","6850"
"1740","MAPKAPK2","9261"
"1741","PRKCQ","5588"
"1742","ZAP70","7535"
"1744","TPSB2","64499"
"1748","TUB","7275"
"1749","EPHX2","2053"
"1753","MAN2A1","4124"
"1754","PPT1","5538"
"1759","ADAM28","10863"
"1760","CDK1","983"
"1761","CDK5R1","8851"
"1763","EEF2","1938"
"1773","PFN2","5217"
"1774","TKT","7086"
"1776","RAB8B","51762"
"1777","CCNA2","890"
"1779","UCK2","7371"
"1780","SPINK6","404203"
"1781","CTSB","1508"
"1796","CTSH","1512"
"1799","PITPNA","5306"
"1801","MET","4233"
"1802","MAP2K1","5604"
"1807","PRDX2","7001"
"1809","HAO1","54363"
"1810","PPP1CC","5501"
"1814","SNRPA","6626"
"1815","NMT1","4836"
"1816","NMT2","9397"
"1819","LCTL","197021"
"1820","DNTT","1791"
"1821","EXTL2","2135"
"1822","UAP1","6675"
"1824","ABO","28"
"1826","SDF2","6388"
"1828","HRAS","3265"
"1831","CTSD","1509"
"1837","TPR","7175"
"1840","ACAN","176"
"1842","GM2A","2760"
"1843","PTAFR","5724"
"1856","STS","412"
"1857","KCNA4","3739"
"1859","DPYD","1806"
"1860","PCTP","58488"
"1861","PRSS3","5646"
"1863","HCN2","610"
"1865","CCL5","6352"
"1872","G6PD","2539"
"1876","F13A1","2162"
"1877","CYP1A1","1543"
"1878","CAMP","820"
"1884","CTSG","1511"
"1889","FHIT","2272"
"1890","JAK1","3716"
"1891","LCT","3938"
"1892","GCH1","2643"
"1894","BACE1","23621"
"1895","GCK","2645"
"1902","GNPDA1","10007"
"1904","SMARCA5","8467"
"1906","AMY1A","276"
"1909","NCAN","1463"
"1915","KRTAP5-2","440021"
"1916","SIGLEC1","6614"
"1920","LGALS2","3957"
"1924","LGALS7","3963"
"1925","KRTAP5-3","387266"
"1929","SFTPD","6441"
"1930","IFNB1","3456"
"1933","AKR1A1","10327"
"1935","LAP3","51056"
"1937","PAEP","5047"
"1941","UBE2D2","7322"
"1942","HSP90AB1","3326"
"1963","CLPS","1208"
"1964","MIP","4284"
"1973","RAB5A","5868"
"1976","PRKACB","5567"
"1977","CDK7","1022"
"1979","S100A11","6282"
"1980","MAPK12","6300"
"1981","AURKA","6790"
"1983","CMAS","55907"
"1984","RPL10L","140801"
"1985","RPL13A","23521"
"1986","RPL23","9349"
"1987","RPL15","6138"
"1988","RPL19","6143"
"1989","RPL23A","6147"
"1990","RSL24D1","51187"
"1991","RPL26L1","51121"
"1992","RPL8","6132"
"1993","RPL37","6167"
"1994","RPL3","6122"
"1995","RPL11","6135"
"1996","SNU13","4809"
"1997","CPA1","1357"
"2000","PPP1CA","5499"
"2001","PPP2R1A","5518"
"2002","PPP2R5C","5527"
"2003","PPP2R2A","5520"
"2004","ALDOB","229"
"2007","PRKAR2B","5577"
"2009","UBB","7314"
"2010","HDAC3","8841"
"2011","HDAC6","10013"
"2015","KEL","3792"
"2019","CAPNS1","826"
"2021","ADCY2","108"
"2022","GNAS","2778"
"2023","ADCY5","111"
"2033","PNLIPRP2","5408"
"2034","CDC42","998"
"2035","XIAP","331"
"2036","SPR","6697"
"2039","FABP6","2172"
"2041","COX6C","1345"
"2042","COX6B1","1340"
"2043","GPBAR1","151306"
"2044","PAPSS1","9061"
"2049","ALOX15","246"
"2050","PI4K2B","55300"
"2051","ITGA5","3678"
"2052","SNCA","6622"
"2053","SIRT1","23411"
"2054","CLEC14A","161198"
"2055","KHSRP","8570"
"2058","ENO2","2026"
"2060","CDK4","1019"
"2062","B2M","567"
"2063","TRAC","28755"
"2064","TRBC1","28639"
"2065","LSM6","11157"
"2074","TST","7263"
"2076","IL12B","3593"
"2081","RTCB","51493"
"2084","ARF1","375"
"2086","PTPN11","5781"
"2094","DCXR","51181"
"2096","PGM1","5236"
"2098","DAO","1610"
"2101","HSD17B11","51170"
"2102","IGHG2","3501"
"2103","CTSV","1515"
"2104","ZFY","7544"
"2105","UMPS","7372"
"2114","SYN1","6853"
"2115","PMS2","5395"
"2122","EEA1","8411"
"2131","CLC","1178"
"2134","CYP2B6","1555"
"2137","OAS1","4938"
"2138","GNAT1","2779"
"2141","HNF4A","3172"
"2142","VLDLR","7436"
"2143","GLTP","51228"
"2144","PLA2G2D","26279"
"2149","B3GAT3","26229"
"2152","CFD","1675"
"2154","CDA","978"
"2156","CSNK1G2","1455"
"2157","IGLC1","3537"
"2158","TFF2","7032"
"2159","HCRT","3060"
"2160","CCL8","6355"
"2165","CDIPT","10423"
"2168","CHIT1","1118"
"2170","KLK6","5653"
"2177","POR","5447"
"2180","IL4I1","259307"
"2191","CYB5R1","51706"
"2192","ACOX1","51"
"2194","GFER","2671"
"2215","PVR","5817"
"2220","ACCS","84680"
"2221","AHCY","191"
"2231","RPS6KA4","8986"
"2233","HAO2","51179"
"2237","PPCDC","60490"
"2247","SGK1","6446"
"2252","CMA1","1215"
"2255","EN2","2020"
"2257","TNFSF13B","10673"
"2258","EPN1","29924"
"2259","TGFB3","7043"
"2264","CYP2C9","1559"
"2270","LGALS1","3956"
"2272","SCMH1","22955"
"2278","MYO1E","4643"
"2279","DMC1","11144"
"2288","PKIA","5569"
"2290","BPHL","670"
"2293","CASP7","840"
"2295","RDX","5962"
"2299","UNG","7374"
"2303","GNLY","10578"
"2305","RNASE4","6038"
"2307","CAD","790"
"2311","DHRS11","79154"
"2316","PTGR1","22949"
"2319","TYMP","1890"
"2322","KANSL3","55683"
"2323","CANT1","124583"
"2324","CDK9","1025"
"2325","CDK6","1021"
"2326","CDK8","1024"
"2327","TNFRSF1A","7132"
"2332","FURIN","5045"
"2336","PPBP","5473"
"2337","DHPS","1725"
"2340","CTSL","1514"
"2342","GLIPR2","152007"
"2344","CDC25B","994"
"2346","ISG20","3669"
"2351","AZGP1","563"
"2352","REG1A","5967"
"2355","UROD","7389"
"2356","SIGLEC7","27036"
"2358","SREBF1","6720"
"2362","CTSS","1520"
"2365","PRKCI","5584"
"2366","NR1H2","7376"
"2370","HNF4G","3174"
"2371","TRAPPC3","27095"
"2372","LALBA","3906"
"2383","ARL3","403"
"2384","L3MBTL1","26013"
"2386","PRDX6","9588"
"2388","SFTPA1","653509"
"2389","IRGC","56269"
"2392","KCNMB2","10242"
"2393","ADAMTS5","11096"
"2398","CTNNB1","1499"
"2400","PGK1","5230"
"2401","KIF1A","547"
"2403","TGFBR1","7046"
"2404","SERPINB3","6317"
"2409","CRP","1401"
"2410","ELSPBP1","64100"
"2413","COPG1","22820"
"2414","XRCC4","7518"
"2418","ADCYAP1","116"
"2423","KIF11","3832"
"2426","CYB5A","1528"
"2433","DAPK1","1612"
"2445","CAMK2A","815"
"2446","UBA1","7317"
"2448","GSTT2","2953"
"2451","RND3","390"
"2452","RHEB","6009"
"2454","RAP2A","5911"
"2455","UQCRQ","27089"
"2456","UQCRB","7381"
"2457","UQCR10","29796"
"2464","DSTN","11034"
"2465","NFE2L1","4779"
"2469","CFL1","1072"
"2477","CTDSP1","58190"
"2479","BPI","671"
"2481","DHRS4L2","317749"
"2482","CNGA1","1259"
"2483","DUSP23","54935"
"2485","STK17B","9262"
"2486","EIF3F","8665"
"2487","HSPA2","3306"
"2488","RUVBL2","10856"
"2489","SF3B3","23450"
"2490","CEBPB","1051"
"2503","HGS","9146"
"2506","CPB1","1360"
"2510","PLEKHA1","59338"
"2516","ITPA","3704"
"2519","CAPN1","823"
"2524","HDAC7","51564"
"2529","EIF2S3","1968"
"2530","GNAI1","2770"
"2531","RAB9A","9367"
"2532","ARL1","400"
"2533","RAN","5901"
"2534","RAB7A","7879"
"2535","GSPT1","2935"
"2536","RHOA","387"
"2537","ARF4","378"
"2538","TGM2","7052"
"2539","RALA","5898"
"2540","ARL5B","221079"
"2542","NME2","4831"
"2544","SAR1B","51128"
"2545","ARL5A","26225"
"2547","METAP1","23173"
"2549","PLCXD3","345557"
"2552","CEL","1056"
"2553","CLK1","1195"
"2554","PRKCD","5580"
"2558","EPHB2","2048"
"2560","VCP","7415"
"2561","TRPM7","54822"
"2562","CCT3","7203"
"2565","GALK1","2584"
"2566","RAD51","5888"
"2569","KIF2C","11004"
"2571","PCBD1","5092"
"2575","PTH","5741"
"2576","HNF1A","6927"
"2579","MYH11","4629"
"2585","MSRA","4482"
"2587","AXIN1","8312"
"2590","RABGGTA","5875"
"2591","RABGGTB","5876"
"2595","S100G","795"
"2599","UBC","7316"
"2604","LGALS9","3965"
"2605","CXCL10","3627"
"2606","CPD","1362"
"2610","TAOK2","9344"
"2611","KCNC4","3749"
"2612","SMAD2","4087"
"2613","MASP2","10747"
"2614","SERPINB5","5268"
"2615","SNX3","8724"
"2617","CLEC4E","26253"
"2619","CLCNKA","1187"
"2620","UGT1A9","54600"
"2624","QPCT","25797"
"2627","WEE1","7465"
"2633","SAT1","6303"
"2640","CD1D","912"
"2641","CYP2A6","1548"
"2643","IGHA2","3494"
"2644","NR5A1","2516"
"2646","MVK","4598"
"2649","AURKB","9212"
"2650","ROCK1","6093"
"2651","JAK2","3717"
"2652","DAPK3","1613"
"2653","JAK3","3718"
"2654","TYK2","7297"
"2658","PGLYRP3","114771"
"2659","CSNK1G3","1456"
"2660","RPS6KA1","6195"
"2661","P2RY2","5029"
"2662","UQCR11","10975"
"2663","CCR5","1234"
"2664","ABCB5","340273"
"2665","ABCG2","9429"
"2667","CALCA","796"
"2668","CALCRL","10203"
"2669","TACR3","6870"
"2670","MED1","5469"
"2671","FNTB","2342"
"2672","FNTA","2339"
"2673","SSTR2","6752"
"2674","SSTR5","6755"
"2675","NPR3","4883"
"2676","ENOX2","10495"
"2677","FGB","2244"
"2678","ALOX5AP","241"
"2679","MC1R","4157"
"2680","ANO1","55107"
"2681","KCNQ4","9132"
"2682","KCNE1","3753"
"2683","CD22","933"
"2684","UBR4","23352"
"2685","MUC16","94025"
"2686","APEX1","328"
"2687","RPSA","3921"
"2688","ADAM10","102"
"2689","IKBKG","8517"
"2690","NPY1R","4886"
"2691","NPY5R","4889"
"2692","NPY4R","5540"
"2693","FGFR3","2261"
"2694","GLA","2717"
"2695","ADAM9","8754"
"2696","SMG6","23293"
"2697","SCYL1","57410"
"2698","BDKRB2","624"
"2699","BDNF","627"
"2701","IL4R","3566"
"2702","IL13RA2","3598"
"2703","PTH1R","5745"
"2704","GRM2","2912"
"2705","GRM3","2913"
"2706","CEACAM5","1048"
"2707","LEPR","3953"
"2708","PLA2G7","7941"
"2709","ITGB4","3691"
"2710","ITGB7","3695"
"2711","CCR2","729230"
"2712","PDGFD","80310"
"2713","TUBA3E","112714"
"2714","TUBA4B","80086"
"2715","TUBB2A","7280"
"2716","TUBB2B","347733"
"2717","TUBB6","84617"
"2718","CHEK2","11200"
"2719","CHEK1","1111"
"2722","MAPK11","5600"
"2723","MAPK13","5603"
"2724","PRTN3","5657"
"2726","GPR119","139760"
"2727","APH1A","51107"
"2728","PSENEN","55851"
"2729","CSF2","1437"
"2730","RHD","6007"
"2731","PIK3R1","5295"
"2732","PIK3R2","5296"
"2733","PIK3R3","8503"
"2734","NFKB2","4791"
"2735","NAMPT","10135"
"2736","CRYM","1428"
"2738","NOXO1","124056"
"2740","PTK6","5753"
"2741","IL13","3596"
"2742","FDFT1","2222"
"2743","EPCAM","4072"
"2744","MPL","4352"
"2745","GLIPR1","11010"
"2746","ATP4B","496"
"2747","CCL3","6348"
"2748","SLC5A5","6528"
"2749","TIMP3","7078"
"2750","MAEA","10296"
"2751","CD163","9332"
"2752","CD9","928"
"2753","EDN1","1906"
"2754","CCL11","6356"
"2755","CXCL8","3576"
"2756","APOH","350"
"2757","IL23A","51561"
"2758","FFAR4","338557"
"2760","TGFB2","7042"
"2761","CPB2","1361"
"2762","PLA2G10","8399"
"2763","IL10","3586"
"2764","FUBP1","8880"
"2765","PRKAR2A","5576"
"2766","PTH2R","5746"
"2767","TNFRSF10B","8795"
"2768","MSTN","2660"
"2769","PDCD1","5133"
"2770","CXCL12","6387"
"2771","ANTXR2","118429"
"2772","ANTXR1","84168"
"2773","TNFRSF11A","8792"
"2774","STAT3","6774"
"2775","SERPING1","710"
"2776","KISS1R","84634"
"2777","GPNMB","10457"
"2779","MAP3K1","4214"
"2780","PRKCE","5581"
"2781","HSPB1","3315"
"2782","CENPE","1062"
"2783","CAPN3","825"
"2784","AURKC","6795"
"2785","GPR55","9290"
"2786","ATP2A2","488"
"2787","FCER2","2208"
"2788","CTLA4","1493"
"2789","CSNK1E","1454"
"2790","KCNA5","3741"
"2792","LAMA5","3911"
"2793","LAMB1","3912"
"2794","LAMC1","3915"
"2795","LAMA1","284217"
"2796","LAMA3","3909"
"2797","LTB4R2","56413"
"2798","LTB4R","1241"
"2799","CASP4","837"
"2800","HSF1","3297"
"2801","IL6R","3570"
"2802","CETP","1071"
"2803","SLC5A2","6524"
"2804","SLAMF7","57823"
"2805","ENG","2022"
"2806","TNFRSF8","943"
"2807","PDGFB","5155"
"2808","CD19","930"
"2809","COL4A4","1286"
"2810","CD40","958"
"2811","IL1A","3552"
"2812","IL1RN","3557"
"2813","ENPP1","5167"
"2814","PTK2","5747"
"2815","LPL","4023"
"2816","CD40LG","959"
"2817","CD14","929"
"2818","CD44","960"
"2819","IL4","3565"
"2820","MUC1","4582"
"2821","SH2B3","10019"
"2822","MAP2K2","5605"
"2823","MAP3K2","10746"
"2824","CAMK2G","818"
"2825","KCNA2","3737"
"2826","KCNA6","3742"
"2827","KCNA7","3743"
"2828","KCNA10","3744"
"2829","KCNB1","3745"
"2830","KCNB2","9312"
"2831","KCNC1","3746"
"2832","KCNC2","3747"
"2833","KCNC3","3748"
"2834","KCND1","3750"
"2835","TACR2","6865"
"2836","SSTR1","6751"
"2837","SSTR3","6753"
"2838","NR2F1","7025"
"2839","TAB1","10454"
"2841","ACTN1","87"
"2842","PHB2","11331"
"2843","PIK3C3","5289"
"2844","TPSAB1","7177"
"2846","NRIP1","8204"
"2848","PLK1","5347"
"2849","PRSS8","5652"
"2850","CELA2A","63036"
"2852","ADAM17","6868"
"2855","PTPRB","5787"
"2857","MAPK9","5601"
"2858","BAG1","573"
"2859","NR1H3","10062"
"2860","BCL2L1","598"
"2861","CAMK2B","816"
"2862","ECE1","1889"
"2863","NEK2","4751"
"2864","PGGT1B","5229"
"2865","PARP2","10038"
"2871","INCENP","3619"
"2874","ERN1","2081"
"2878","POLK","51426"
"2879","UPP1","7378"
"2884","CHRFAM7A","89832"
"2887","SCPEP1","59342"
"2888","CSNK2A2","1459"
"2890","PSMA7","5688"
"2892","DYRK1A","1859"
"2897","SLK","9748"
"2898","CAMK4","814"
"2899","CLK3","1198"
"2900","CYP2C18","1562"
"2901","PARP3","10039"
"2902","NCOA5","57727"
"2906","MAPKAPK3","7867"
"2907","CDK16","5127"
"2908","KRAS","3845"
"2911","AKT2","208"
"2913","AADACL2","344752"
"2916","PAFAH1B3","5050"
"2917","CAMK2D","817"
"2918","PFN1","5216"
"2919","ENOPH1","58478"
"2921","EPHA7","2045"
"2922","CAMK1G","57172"
"2923","KLK7","5650"
"2927","SPIRE2","84501"
"2931","ROCK2","9475"
"2946","RCVRN","5957"
"2949","PPP3R1","5534"
"2950","PPP3CA","5530"
"2952","GUCA1A","2978"
"2954","ARPC1B","10095"
"2955","ACTR2","10097"
"2956","ACTR3","10096"
"2957","ARPC2","10109"
"2958","ARPC3","10094"
"2959","ARPC4","10093"
"2960","ARPC5","10092"
"2965","CSNK1G1","53944"
"2966","MERTK","10461"
"2967","ACSBG1","23205"
"2968","TRAPPC6A","79090"
"2969","TRAPPC6B","122553"
"2970","TRAPPC5","126003"
"2971","TRAPPC4","51399"
"2972","TRAPPC1","58485"
"2974","PARP15","165631"
"2977","SCGB1A1","7356"
"2978","MYL6B","140465"
"2979","MYL12A","10627"
"2980","MYH7","4625"
"2982","CAMK1D","57118"
"2984","IRS1","3667"
"2985","PSMA1","5682"
"2986","PSMA2","5683"
"2987","PSMA3","5684"
"2988","PSMA4","5685"
"2989","PSMA5","5686"
"2990","PSMA6","5687"
"2991","PSMB2","5690"
"2992","PSMB3","5691"
"2993","PSMB4","5692"
"2994","PSMB6","5694"
"2995","PSMB7","5695"
"2999","IRAK4","51135"
"3000","CES1P1","51716"
"3008","CREBBP","1387"
"3009","ACOT13","55856"
"3013","MAP3K9","4293"
"3015","NMRAL1","57407"
"3017","FOS","2353"
"3018","HMMR","3161"
"3019","VCAN","1462"
"3020","HAPLN1","1404"
"3021","HAPLN3","145864"
"3022","HABP2","3026"
"3023","LAYN","143903"
"3024","STAB2","55576"
"3025","IMPG2","50939"
"3026","HABP4","22927"
"3027","LYVE1","10894"
"3028","ASIC3","9311"
"3029","SLC6A13","6540"
"3030","SLC6A11","6538"
"3031","SLC6A12","6539"
"3032","S1PR5","53637"
"3033","S1PR1","1901"
"3034","S1PR4","8698"
"3035","S1PR3","1903"
"3036","PGF","5228"
"3037","VEGFB","7423"
"3038","SERPINF2","5345"
"3039","PSMB8","5696"
"3040","PSMB9","5698"
"3041","PSMB10","5699"
"3042","GUCY2C","2984"
"3043","DDR2","4921"
"3046","KEAP1","9817"
"3047","SIK1","150094"
"3048","NEK11","79858"
"3049","LIMK1","3984"
"3050","ERBB4","2066"
"3051","TMPRSS2","7113"
"3052","AQP3","360"
"3054","IL17A","3605"
"3055","HCRTR1","3061"
"3056","HCRTR2","3062"
"3060","GPR12","2835"
"3061","TRPV2","51393"
"3062","TRPV4","59341"
"3063","CYP3A5","1577"
"3064","CYP2D6","1565"
"3065","CYP3A7","1551"
"3066","NAAA","27163"
"3067","CRHR1","1394"
"3068","SSTR4","6754"
"3069","P2RX4","5025"
"3072","HSPA13","6782"
"3074","RPS2","6187"
"3075","SRSF1","6426"
"3076","HNRNPA2B1","3181"
"3077","HNRNPH1","3187"
"3078","HNRNPH3","3189"
"3080","HNRNPL","3191"
"3081","SF3A2","8175"
"3082","RACK1","10399"
"3083","STIP1","10963"
"3085","EIF6","3692"
"3086","EIF4A1","1973"
"3087","YWHAB","7529"
"3088","HDGF","3068"
"3089","CLIC1","1192"
"3090","PSME1","5720"
"3091","PEBP1","5037"
"3092","PGAM1","5223"
"3093","RANBP1","5902"
"3094","HTT","3064"
"3095","HEPHL1","341208"
"3096","IAPP","3375"
"3097","TAC3","6866"
"3098","AFM","173"
"3099","APOC2","344"
"3100","APOC3","345"
"3101","C9","735"
"3102","CBX5","23468"
"3103","IGHG4","3503"
"3104","IGLL1","3543"
"3105","LRG1","116844"
"3106","LUM","4060"
"3107","SERPINA7","6906"
"3108","SERPINF1","5176"
"3109","CSTB","1476"
"3110","NOX1","27035"
"3111","MRC1","4360"
"3115","GDNF","2668"
"3116","PCSK9","255738"
"3117","DIO3","1735"
"3118","NAGA","4668"
"3119","SCTR","6344"
"3120","MARCO","8685"
"3121","DGAT2","84649"
"3122","ELOVL4","6785"
"3123","TGFBR2","7048"
"3124","HTATIP2","10553"
"3125","CIB1","10519"
"3126","SRI","6717"
"3127","CHP1","11261"
"3128","SPARC","6678"
"3129","FBN2","2201"
"3130","CASQ2","845"
"3131","RGN","9104"
"3132","PEF1","553115"
"3133","S100A6","6277"
"3134","TPT1","7178"
"3135","CIB2","10518"
"3136","CASQ1","844"
"3137","NUCB1","4924"
"3138","NUCB2","4925"
"3139","FBN3","84467"
"3140","GCA","25801"
"3141","CADPS","8618"
"3142","CALM2","805"
"3143","CALM3","808"
"3144","S100A16","140576"
"3145","CALB2","794"
"3146","CAPS","828"
"3147","CADPS2","93664"
"3148","CALR3","125972"
"3149","NRXN1","9378"
"3150","NCS1","23413"
"3151","GC","2638"
"3152","F2RL3","9002"
"3153","FGG","2266"
"3155","CD274","29126"
"3156","TNFRSF1B","7133"
"3157","CSRP1","1465"
"3158","DPYSL2","1808"
"3159","FLNA","2316"
"3160","FTO","79068"
"3161","HNRNPD","3184"
"3162","HNRNPK","3190"
"3163","HP1BP3","50809"
"3164","IQGAP1","8826"
"3165","NPEPPS","9520"
"3166","RPL10","6134"
"3167","RPL14","9045"
"3168","RPL18","6141"
"3169","RPL35","11224"
"3170","RPL4","6124"
"3171","RPS13","6207"
"3172","RPS17","6218"
"3173","RPS18","6222"
"3174","RPS19","6223"
"3175","RPS28","6234"
"3176","RPS5","6193"
"3177","RPS6","6194"
"3178","RPS8","6202"
"3179","RPS9","6203"
"3180","SF1","7536"
"3181","SNRPD2","6633"
"3182","SRP14","6727"
"3183","SRSF4","6429"
"3184","TAGLN","6876"
"3185","TAGLN2","8407"
"3186","TPM1","7168"
"3187","VIM","7431"
"3188","ZYX","7791"
"3189","MYH9","4627"
"3190","DDX5","1655"
"3191","DDX39B","7919"
"3192","NPM1","4869"
"3195","OAT","4942"
"3202","ATP6","4508"
"3214","BMPR2","659"
"3215","BMPR1A","657"
"3216","ERBB3","2065"
"3217","MC4R","4160"
"3218","MC3R","4159"
"3219","MC5R","4161"
"3220","ABCC5","10057"
"3221","CASP8","841"
"3222","PRKD1","5587"
"3224","SLC9A3","6550"
"3225","IGHE","3497"
"3226","SOST","50964"
"3227","ACLY","47"
"3228","XPO1","7514"
"3229","RBP3","5949"
"3230","NTRK3","4916"
"3231","ROS1","6098"
"3232","CYP2E1","1571"
"3233","UGT1A1","54658"
"3235","RPS6KA6","27330"
"3236","NIM1K","167359"
"3237","STK24","8428"
"3238","STK3","6788"
"3239","TEC","7006"
"3240","TEC","100124696"
"3241","STK33","65975"
"3242","STK35","140901"
"3243","STK36","27148"
"3244","STK38","11329"
"3245","STK38L","23012"
"3246","STK39","27347"
"3247","TAOK1","57551"
"3248","TAOK3","51347"
"3249","TBK1","29110"
"3250","TESK1","7016"
"3251","TIE1","7075"
"3252","TLK1","9874"
"3253","TLK2","11011"
"3254","TNIK","23043"
"3255","TNK1","8711"
"3256","TNNI3K","51086"
"3257","TSSK1B","83942"
"3258","TXK","7294"
"3259","TYRO3","7301"
"3260","ULK1","8408"
"3261","ULK2","9706"
"3262","ULK3","25989"
"3263","MAP3K19","80122"
"3264","AAK1","22848"
"3265","ANKK1","255239"
"3266","AXL","558"
"3267","BLK","640"
"3268","BMP2K","55589"
"3269","BMPR1B","658"
"3270","BMX","660"
"3271","CAMK1","8536"
"3272","CAMKK1","84254"
"3273","CAMKK2","10645"
"3274","CSN3","1448"
"3275","CDC42BPG","55561"
"3276","CDKL1","8814"
"3277","CDKL2","8999"
"3278","CIT","11113"
"3279","CLK2","1196"
"3280","CLK4","57396"
"3281","CSNK1A1","1452"
"3282","DAPK2","23604"
"3283","DCLK1","9201"
"3284","DCLK2","166614"
"3285","DCLK3","85443"
"3286","DYRK1B","9149"
"3287","EIF2AK1","27102"
"3288","EIF2AK4","440275"
"3289","EPHA1","2041"
"3290","EPHA3","2042"
"3291","EPHA4","2043"
"3292","EPHA6","285220"
"3293","EPHA8","2046"
"3294","EPHB1","2047"
"3295","EPHB6","2051"
"3296","FER","2241"
"3297","FES","2242"
"3298","GAK","2580"
"3299","GSK3A","2931"
"3300","HIPK2","28996"
"3301","HIPK3","10114"
"3303","IKBKE","9641"
"3304","INSRR","3645"
"3305","IRAK1","3654"
"3306","IRAK3","11213"
"3307","SIK3","23387"
"3308","LATS1","9113"
"3309","LIMK2","3985"
"3310","LRRK2","120892"
"3311","LTK","4058"
"3312","MAP2K3","5606"
"3313","MAP2K5","5607"
"3314","MAP2K6","5608"
"3315","MAP3K10","4294"
"3316","MAP3K11","4296"
"3317","MAP3K12","7786"
"3318","MAP3K13","9175"
"3319","MAP3K15","389840"
"3320","MAP3K3","4215"
"3321","MAP3K4","4216"
"3322","MAP3K6","9064"
"3323","MAP4K1","11184"
"3324","MAP4K2","5871"
"3325","MAP4K3","8491"
"3326","MAP4K4","9448"
"3327","MAP4K5","11183"
"3328","MAPK15","225689"
"3329","MAPK4","5596"
"3330","MAPK7","5598"
"3331","MAPKAPK5","8550"
"3332","MARK1","4139"
"3333","MARK2","2011"
"3334","MARK3","4140"
"3335","MARK4","57787"
"3336","CLASP1","23332"
"3337","MAST1","22983"
"3338","MATK","4145"
"3339","MELK","9833"
"3340","MINK1","50488"
"3341","MKNK1","8569"
"3342","MKNK2","2872"
"3343","MST1R","4486"
"3344","MYLK3","91807"
"3345","MYLK4","340156"
"3346","MYO3A","53904"
"3347","NEK1","4750"
"3348","NEK3","4752"
"3349","NEK4","6787"
"3350","NEK5","341676"
"3351","NEK9","91754"
"3352","NUAK1","9891"
"3353","NUAK2","81788"
"3354","OXSR1","9943"
"3355","PAK1","5058"
"3356","PAK2","5062"
"3357","PAK3","5063"
"3358","PAK4","10298"
"3359","PAK6","56924"
"3360","PAK5","57144"
"3361","CDK17","5128"
"3362","PI4KB","5298"
"3363","PIK3C2B","5287"
"3364","PIK3C2G","5288"
"3365","PIM3","415116"
"3366","PIP4K2B","8396"
"3367","PIP4K2C","79837"
"3368","PKMYT1","9088"
"3369","PKN1","5585"
"3370","PKN2","5586"
"3371","PLK2","10769"
"3372","PLK3","1263"
"3373","PLK4","10733"
"3374","PRKG2","5593"
"3375","PRPF4B","8899"
"3376","RIOK1","83732"
"3377","RIOK2","55781"
"3378","RIOK3","8780"
"3379","RIPK1","8737"
"3380","RIPK2","8767"
"3381","RIPK4","54101"
"3382","SBK1","388228"
"3383","SBK3","100130827"
"3384","SGK3","23678"
"3385","SIK2","23235"
"3386","SNRK","54861"
"3387","SRMS","6725"
"3388","STK10","6793"
"3389","STK16","8576"
"3390","STK17A","9263"
"3391","STK32A","202374"
"3392","IL5RA","3568"
"3396","TNFRSF9","3604"
"3397","TPH2","121278"
"3398","ACVR2A","92"
"3399","GHSR","2693"
"3401","CALCB","797"
"3402","CD79B","974"
"3403","RRBP1","6238"
"3404","NIP7","51388"
"3405","BCL2L2","599"
"3407","CCR4","1233"
"3408","GAST","2520"
"3409","CYB5B","80777"
"3410","FBXO41","150726"
"3411","HNRNPF","3185"
"3412","HSPA4","3308"
"3413","HSPH1","10808"
"3414","NUDC","10726"
"3415","PAPPA","5069"
"3416","PSMC3","5702"
"3417","S100A10","6281"
"3418","SF3A3","10946"
"3419","SMARCE1","6605"
"3420","TPD52L2","7165"
"3421","TPM3","7170"
"3422","TPM4","7171"
"3423","TXN","7295"
"3424","UCHL1","7345"
"3425","USP14","9097"
"3426","YWHAH","7533"
"3427","YWHAQ","10971"
"3428","YWHAZ","7534"
"3429","SPHK2","56848"
"3430","IFNA2","3440"
"3431","MSLN","10232"
"3432","EZH2","2146"
"3433","EZH1","2145"
"3434","TACSTD2","4070"
"3435","NECTIN4","81607"
"3436","SLC7A7","9056"
"3437","SMN2","6607"
"3439","HDAC10","83933"
"3440","NOD2","64127"
"3441","CCK","885"
"3445","SLC10A2","6555"
"3446","RPE65","6121"
"3448","NAPEPLD","222236"
"3449","FGF23","8074"
"3450","NR1D1","9572"
"3451","NR1D2","9975"
"3452","SF3B1","23451"
"3453","DAGLA","747"
"3456","HP","3240"
"3457","APOB","338"
"3458","HPX","3263"
"3459","HRG","3273"
"3460","APOBEC1","339"
"3461","SEMG2","6407"
"3462","ATR","545"
"3463","C5AR1","728"
"3464","TSLP","85480"
"3465","CD70","970"
"3466","SLC10A1","6554"
"3467","CCR9","10803"
"3468","FCGRT","2217"
"3469","ANGPT2","285"
"3470","ANGPTL3","27329"
"3471","GUCY1B1","2983"
"3472","EPAS1","2034"
"3473","SIRT2","22933"
"3475","DMD","1756"
"3476","SLC11A2","4891"
"3477","CD276","80381"
"3479","TNFRSF17","608"
"3480","INHBA","3624"
"3481","KDM1A","23028"
"3482","NRP2","8828"
"3483","SELPLG","6404"
"3484","KCNN1","3780"
"3485","KCNN2","3781"
"3486","KCNN3","3782"
"3488","CES2","8824"
"3490","SRM","6723"
"3491","DCTD","1635"
